<?xml version="1.0" encoding="utf-8" ?><dwsync><file name="ajuda.gif" server="vkt.srv.br/public_html/" local="3441892952" remote="7764101476" Dst="-1" /><file name="ajuda_pa.gif" server="vkt.srv.br/public_html/" local="3441892952" remote="-4611698212665374364" Dst="-1" /><file name="botao_over.gif" server="vkt.srv.br/public_html/" local="3441892954" remote="-4611698212665374364" Dst="-1" /><file name="busca.jpg" server="vkt.srv.br/public_html/" local="3441892954" remote="-4611698212665374364" Dst="-1" /><file name="botao.gif" server="vkt.srv.br/public_html/" local="3441892954" remote="-4611698212665374364" Dst="-1" /><file name="caixa.gif" server="vkt.srv.br/public_html/" local="3441892954" remote="-4611698212665374364" Dst="-1" /><file name="con_ajuda.gif" server="vkt.srv.br/public_html/" local="3441892954" remote="-4611698212665374364" Dst="-1" /><file name="fundomenu.jpg" server="vkt.srv.br/public_html/" local="3441892954" remote="-4611698212665374364" Dst="-1" /><file name="fundotopo.jpg" server="vkt.srv.br/public_html/" local="3441892956" remote="-4611698212665374364" Dst="-1" /><file name="inicio.gif" server="vkt.srv.br/public_html/" local="3441892956" remote="-4611698212665374364" Dst="-1" /><file name="inicio.jpg" server="vkt.srv.br/public_html/" local="3441892956" remote="-4611698212665374364" Dst="-1" /><file name="mais.gif" server="vkt.srv.br/public_html/" local="3441892956" remote="-4611698212665374364" Dst="-1" /><file name="maiss.gif" server="vkt.srv.br/public_html/" local="3441892958" remote="-4611698212665374364" Dst="-1" /><file name="menos.gif" server="vkt.srv.br/public_html/" local="3441892958" remote="-4611698212665374364" Dst="-1" /><file name="win_bor_d.gif" server="vkt.srv.br/public_html/" local="3441892958" remote="-4611698212665374364" Dst="-1" /><file name="pasta.gif" server="vkt.srv.br/public_html/" local="3441892958" remote="-4611698212665374364" Dst="-1" /><file name="Thumbs.db" server="vkt.srv.br/public_html/" local="3441892952" remote="-4611698212665374364" Dst="-1" /><file name="win_bor_e.gif" server="vkt.srv.br/public_html/" local="3441892958" remote="-4611698212665374364" Dst="-1" /><file name="win_canto_d_i.gif" server="vkt.srv.br/public_html/" local="3441892958" remote="-4611698212665374364" Dst="-1" /><file name="win_canto_d_s.gif" server="vkt.srv.br/public_html/" local="3441892960" remote="-4611698212665374364" Dst="-1" /><file name="win_canto_e_i.gif" server="vkt.srv.br/public_html/" local="3441892960" remote="-4611698212665374364" Dst="-1" /><file name="win_canto_e_s.gif" server="vkt.srv.br/public_html/" local="3441892960" remote="-4611698212665374364" Dst="-1" /><file name="win_f_i.gif" server="vkt.srv.br/public_html/" local="3441892960" remote="-4611698212665374364" Dst="-1" /><file name="win_f_s.gif" server="vkt.srv.br/public_html/" local="3441892960" remote="-4611698212665374364" Dst="-1" /><file name="xcaixa.gif" server="vkt.srv.br/public_html/" local="3441892960" remote="-4611698212665374364" Dst="-1" /><file name="xcaixa_over.gif" server="vkt.srv.br/public_html/" local="3441892962" remote="-4611698212665374364" Dst="-1" /></dwsync>