<?xml version="1.0" encoding="utf-8" ?><dwsync><file name="CBO2002 - Familia.txt" server="vkt.srv.br/public_html/" local="3444322458" remote="-4611698212665374424" Dst="-1" /><file name="CBO2002 - Grande Grupo.txt" server="vkt.srv.br/public_html/" local="3444322458" remote="-4611698212665374424" Dst="-1" /><file name="CBO2002 - SubGrupo Principal.txt" server="vkt.srv.br/public_html/" local="3444395458" remote="-4611698212665374424" Dst="-1" /><file name="CBO2002 - Ocupacao.txt" server="vkt.srv.br/public_html/" local="3444393268" remote="-4611698212665374424" Dst="-1" /><file name="CBO2002 - SubGrupo.txt" server="vkt.srv.br/public_html/" local="3444395742" remote="-4611698212665374424" Dst="-1" /><file name="CBO2002.txt" server="vkt.srv.br/public_html/" local="3444393120" remote="-4611698212665374424" Dst="-1" /><file name="CBO2002 - Sinonimo.txt" server="vkt.srv.br/public_html/" local="3444394918" remote="-4611698212665374424" Dst="-1" /><file name="import_cbo.php" server="vkt.srv.br/public_html/" local="3444395696" remote="-4611698212665374424" Dst="-1" /></dwsync>