-- phpMyAdmin SQL Dump
-- version 3.5.5
-- http://www.phpmyadmin.net
--
-- Servidor: localhost
-- Tempo de Geração: 21/03/2013 às 12:50:31
-- Versão do Servidor: 5.1.68-cll
-- Versão do PHP: 5.3.17

SET SQL_MODE="NO_AUTO_VALUE_ON_ZERO";
SET time_zone = "+00:00";


/*!40101 SET @OLD_CHARACTER_SET_CLIENT=@@CHARACTER_SET_CLIENT */;
/*!40101 SET @OLD_CHARACTER_SET_RESULTS=@@CHARACTER_SET_RESULTS */;
/*!40101 SET @OLD_COLLATION_CONNECTION=@@COLLATION_CONNECTION */;
/*!40101 SET NAMES utf8 */;

--
-- Banco de Dados: `nv_sistema`
--


--
-- Estrutura da tabela `sis_modulos`
--

CREATE TABLE IF NOT EXISTS `sis_modulos` (
  `id` int(11) NOT NULL AUTO_INCREMENT,
  `modulo_id` int(11) DEFAULT NULL,
  `nome` varchar(255) NOT NULL,
  `ordem_menu` int(11) NOT NULL,
  `tela` varchar(255) NOT NULL,
  `caminho` varchar(255) NOT NULL,
  `acao_menu` enum('expande','abre','form','interno','blank') NOT NULL,
  PRIMARY KEY (`id`)
) ENGINE=MyISAM  DEFAULT CHARSET=latin1 AUTO_INCREMENT=477 ;

--
-- Extraindo dados da tabela `sis_modulos`
--

INSERT INTO `sis_modulos` (`id`, `modulo_id`, `nome`, `ordem_menu`, `tela`, `caminho`, `acao_menu`) VALUES
(1, 0, 'Administrativo', 1, '', '', 'expande'),
(3, 0, 'Estoque', 20, '', '', 'expande'),
(4, 0, 'Monitoramento de Obra 0%', 30, '', '', 'expande'),
(5, 0, 'Financeiro', 40, '', '', 'expande'),
(6, 0, '-', 70, '', '', 'expande'),
(8, 0, 'Imobiliária Construtora', 50, '', '', 'expande'),
(13, 1, 'Usuários', 70, 'index.php', 'modulos/administrativo/usuarios/', 'abre'),
(14, 1, 'Tipos de Usuarios', 80, 'index.php', 'modulos/administrativo/tipos_usuarios/', 'abre'),
(15, 1, 'Clientes', 10, 'index.php', 'modulos/administrativo/clientes/', 'abre'),
(16, 1, 'Fornecedores', 20, 'index.php', 'modulos/administrativo/fornecedores/', 'abre'),
(17, 1, 'Empreendimentos', 30, 'empreendimentos_admin.php', 'modulos/administrativo/empreendimentos/', 'abre'),
(18, 1, 'Obras', 40, 'index.php', 'modulos/administrativo/obras/', 'abre'),
(19, 1, 'Planejamentos / Orçamentos', 60, 'index.php', 'modulos/administrativo/planejamentos', 'abre'),
(20, 1, 'Contrato Imobiliário', 50, 'contratos_admin.php', 'modulos/administrativo/contratos_admin/', 'abre'),
(37, 8, 'Cadastro de Cliente', 10, 'index.php', 'modulos/corretor/cadastro_clientes/', 'abre'),
(38, 8, 'Vendas', 40, 'index.php', 'modulos/corretor/vendas/', 'abre'),
(39, 8, 'Empreendimentos', 20, 'empreendimentos_corretor.php', 'modulos/corretor/empreendimentos', 'abre'),
(41, 13, 'Histórico', 0, 'historico.php', 'modulos/administrativo/usuarios/', 'interno'),
(42, 3, 'Inventário', 90, 'index_inventarios.php', 'modulos/estoque/inventarios', 'abre'),
(45, 3, 'Cotação', 25, 'necessidade_cotacao.php', 'modulos/cozinha/cotacao/', 'abre'),
(47, 4, 'Acompanhamento', 0, '', '', 'expande'),
(48, 4, 'Autorização de Pagamento', 0, '', '', ''),
(49, 5, 'Contas', 10, 'contas.php', 'modulos/financeiro/contas/', 'abre'),
(50, 5, 'Centro de Custos', 20, 'centro_de_custos.php', 'modulos/financeiro/centro_de_custos/', 'abre'),
(51, 5, 'Plano de Contas', 30, 'plano_de_contas.php', 'modulos/financeiro/plano_de_contas/', 'abre'),
(52, 5, 'Contas a Pagar', 50, 'contas_a_pagar.php', 'modulos/financeiro/contas_a_pagar/', 'abre'),
(53, 5, 'Contas a Receber', 40, 'contas_a_receber.php', 'modulos/financeiro/contas_a_receber/', ''),
(54, 5, 'Caixa', 60, 'caixa.php', 'modulos/financeiro/caixa/', 'abre'),
(56, 6, 'Backup', 0, '', '', ''),
(57, 6, 'Alimentar Dados', 0, '', '', ''),
(58, 17, 'Negociações', 0, 'negociacao.php', 'modulos/administrativo/empreendimentos/negociacao/', 'interno'),
(60, 17, 'Disponibilidades', 0, 'disponibilidade.php', 'modulos/administrativo/empreendimentos/disponibilidades/', 'interno'),
(61, 60, 'Reservas', 0, 'index.php', 'modulos/administrativo/empreendimentos/disponibilidades/reservas/', 'interno'),
(62, 17, 'Planejamentos / Orçamentos', 0, 'index.php', 'modulos/administrativo/planejamentos', 'interno'),
(65, 17, 'Tipos de Disponibilidades', 0, 'disponibilidade_tipo.php', 'modulos/administrativo/empreendimentos/disponibilidade_tipo/', 'interno'),
(66, 39, 'Disponibilidades', 0, 'disponibilidade.php', 'modulos/corretor/empreendimentos/disponibilidades/', 'interno'),
(67, 8, 'Interesses', 30, 'index.php', 'modulos/corretor/interesses/', 'abre'),
(68, 37, 'Arquivos', 0, 'index.php', 'modulos/corretor/cadastro_clientes/arquivos/', 'interno'),
(69, 15, 'Arquivos', 0, 'index.php', 'modulos/administrativo/clientes/arquivos/', 'interno'),
(70, 20, 'Detalhes Contrato', 0, 'exibicao_contrato.php', 'modulos/administrativo/contratos_admin', 'abre'),
(78, 71, 'Inventários', 1, 'inventarios.php', 'modulos/estoque/produtos/', 'interno'),
(79, 5, 'Relatorios', 100, '', '', 'expande'),
(80, 5, 'Fluxo de Caixa', 65, 'fluxo_caixa.php', 'modulos/financeiro/fluxo_caixa/', 'abre'),
(82, 79, 'Anual', 0, 'demonstrativo_anual.php', 'modulos/financeiro/relatorios/demonstrativo_anual/', 'abre'),
(83, 50, 'Planejamento', 0, 'planejamento_centro_de_custos.php', 'modulos/financeiro/centro_de_custos/', 'abre'),
(84, 51, 'Planejamento', 0, 'planejamento_plano_de_conta.php', 'modulos/financeiro/plano_de_contas/', 'abre'),
(85, 79, 'Busca por Período', 0, 'busca.php', 'modulos/financeiro/relatorios/busca/', 'abre'),
(86, 5, 'Contas Fixas', 67, 'contas_fixas.php', 'modulos/financeiro/contas_fixas/', 'abre'),
(87, 5, 'Financiamentos ', 68, 'contratos.php', 'modulos/financeiro/contratos/', 'abre'),
(88, 5, 'Cheques', 69, 'cheques.php', 'modulos/financeiro/cheques/', 'abre'),
(89, 0, 'Controle de Atividades', 60, '', '', 'expande'),
(90, 89, 'Tipo de Atividade', 20, 'tipo_atividades.php', 'modulos/projetos/tipo_atividades/', 'abre'),
(91, 89, 'Projetos', 0, 'projetos.php', 'modulos/projetos/', 'abre'),
(92, 89, 'Atividades', 30, 'atividades.php', 'modulos/projetos/atividades', 'abre'),
(93, 0, 'RH', 60, '', '', 'expande'),
(94, 93, 'Funcionarios', 10, 'funcionarios.php', 'modulos/rh/funcionarios/', 'abre'),
(95, 98, 'Relatório Funcionários', 1, 'relatorio_funcionario.php', 'modulos/projetos/relatorios/', 'abre'),
(96, 89, 'Colaborador', 10, 'colaborador.php', 'modulos/projetos/atividades/colaborador', 'abre'),
(97, 98, 'Relatório Projetos', 10, 'relatorio_projeto.php', 'modulos/projetos/relatorios/', 'abre'),
(98, 89, 'Relatórios', 40, '', '', 'expande'),
(99, 0, 'Cozinha', 60, '', '', 'expande'),
(101, 99, 'Cardapio', 20, 'cardapio.php', 'modulos/cozinha/cardapio/', 'abre'),
(102, 99, 'Ficha Técnica', 2, 'ficha_tecnica.php', 'modulos/cozinha/ficha_tecnica/', 'abre'),
(103, 3, 'Almoxarifado', 0, 'unidades.php', 'modulos/estoque/almoxarifado/', 'abre'),
(104, 99, 'Contrato', 10, 'contrato.php', 'modulos/cozinha/contrato/', 'abre'),
(107, 3, 'Produtos', 10, 'index.php', 'modulos/estoque/produtos/', 'abre'),
(108, 3, 'Produtos por Fornecedor', 20, 'produtos_fornecedor.php', 'modulos/estoque/produtos_fornecedor/', 'abre'),
(109, 3, 'Beneficiamento', 70, 'beneficiamento.php', 'modulos/estoque/beneficiamento/', 'abre'),
(110, 3, 'Compras', 30, 'compras.php', 'modulos/estoque/compras/', 'abre'),
(111, 99, 'Grupo Fichas Técnicas', 1, 'grupo_cardapio.php', 'modulos/cozinha/grupo_cardapio', 'abre'),
(112, 99, 'Quebra', 80, 'quebra.php', 'modulos/cozinha/quebra', 'abre'),
(113, 99, 'Controle de Consumo', 60, 'controle_consumo.php', 'modulos/cozinha/controle_consumo', 'abre'),
(115, 99, 'Remessa Unidade', 40, 'remessa.php', 'modulos/cozinha/remessa_unidade', 'abre'),
(116, 99, 'Faturamento', 70, 'faturamento.php', 'modulos/cozinha/faturamento', 'abre'),
(117, 99, 'Necessidades Central', 30, 'necessidade_central.php', 'modulos/cozinha/necessidade_central', 'abre'),
(118, 45, 'Cotação Produto', 0, 'comparacao.php', 'modulos/cozinha/cotacao', 'interno'),
(119, 45, 'Cotação no Fornecedor', 1, 'cotacao.php', 'modulos/cozinha/cotacao', 'interno'),
(120, 115, 'Remessa Unidade', 65, 'envio.php', 'modulos/cozinha/remessa_unidade', 'interno'),
(121, 3, 'Grupos de Produtos', 5, 'grupos.php', 'modulos/estoque/produtos_grupos/', 'abre'),
(122, 0, 'Eleitoral', 120, '', '', 'expande'),
(123, 122, 'Eleitores', 20, 'eleitores.php', 'modulos/eleitoral/eleitores', 'abre'),
(124, 110, 'Novo Pedido', 0, 'novo_pedido.php', 'modulos/estoque/compras/', 'interno'),
(128, 122, 'Pedidos', 50, '', 'modulos/eleitoral/pedidos/', 'expande'),
(132, 128, 'Pedidos', 128, 'pedidos.php', 'modulos/eleitoral/pedidos/', 'abre'),
(133, 122, 'Cadastros', 70, '', 'modulos/eleitoral/cadastros/', 'expande'),
(135, 133, 'Profissoes', 133, 'profissoes.php', 'modulos/eleitoral/cadastros', 'abre'),
(136, 133, 'Zonas', 134, 'zona.php', 'modulos/eleitoral/cadastros', 'abre'),
(137, 133, 'Vinculos', 135, 'vinculos.php', 'modulos/eleitoral/cadastros', 'abre'),
(138, 133, 'Setores', 136, 'setor.php', 'modulos/eleitoral/cadastros', 'abre'),
(139, 133, 'Regioes', 137, 'regioes.php', 'modulos/eleitoral/cadastros', 'abre'),
(140, 133, 'Partidos', 138, 'partidos.php', 'modulos/eleitoral/cadastros', 'abre'),
(141, 122, 'Politico', 30, 'vereador.php', 'modulos/eleitoral/politicos', 'abre'),
(142, 133, 'Coligacoes', 140, 'coligacao.php', 'modulos/eleitoral/cadastros', 'abre'),
(143, 122, 'Colaboradores', 40, 'colaborador.php', 'modulos/eleitoral/colaborador', 'abre'),
(144, 133, 'Grupos Sociais', 124, 'grupo_sociais.php', 'modulos/eleitoral/sociais', 'abre'),
(145, 133, 'Funcoes', 141, 'funcoes.php', 'modulos/eleitoral/cadastros', 'abre'),
(146, 122, 'Relatórios', 90, '', '', 'expande'),
(147, 146, 'Candidato', 1, 'relatorio.php', 'modulos/eleitoral/relatorios/', 'abre'),
(148, 122, 'Resumo', 10, 'index.php', 'modulos/eleitoral/resumo_campanha/', 'abre'),
(149, 133, 'Religioes', 143, 'religioes.php', 'modulos/eleitoral/cadastros', 'abre'),
(151, 122, 'Envio de SMS', 60, '', '', 'expande'),
(155, 151, 'Enviar SMS', 10, 'EleitoralEnviaSMS.php', 'modulos/sysms/views', 'abre'),
(156, 146, 'Bens Imóveis', 0, 'bens.php', 'modulos/eleitoral/relatorios/', 'abre'),
(157, 146, 'Carros', 1, 'bens_carros.php', 'modulos/eleitoral/relatorios/', 'abre'),
(158, 146, 'Lancha', 2, 'bens_lancha.php', 'modulos/eleitoral/relatorios/', 'abre'),
(159, 0, 'Vekttor', 130, '', '', 'expande'),
(160, 159, 'Clientes', 120, 'index.php', 'modulos/vekttor/clientes/', 'abre'),
(161, 146, 'Motos', 50, 'bens_motos.php', 'modulos/eleitoral/relatorios/', 'abre'),
(162, 146, 'Barcos', 90, 'bens_barcos.php', 'modulos/eleitoral/relatorios/', 'abre'),
(164, 8, 'Corretor', 0, 'corretor.php', 'modulos/corretor/corretor', 'abre'),
(165, 1, 'Dono Cliente', 10, 'dono_cliente.php', 'modulos/administrativo/donoCliente', 'abre'),
(166, 38, 'Detalhes do Contrato', 0, 'exibicao_contrato.php', 'modulos/corretor/vendas', 'abre'),
(167, 8, 'Relatórios', 60, '', 'modulos/corretor/relatorios', 'expande'),
(169, 167, 'Vendas Corretor', 10, 'vendas_por_corretor.php', 'modulos/corretor/relatorios/corretor_venda', 'abre'),
(170, 8, 'Contratos', 50, 'contratos.php', 'modulos/corretor/contratos/', 'abre'),
(171, 170, 'Detalhes Contrato', 1, 'detalhes_contrato.php', 'modulos/corretor/contratos/', 'interno'),
(172, 1, 'Negociações Restritas', 120, 'negociacoes_restritas.php', 'modulos/administrativo/negociacoes_restritas/', 'abre'),
(173, 167, 'Cliente Ramo Atividade', 90, 'index.php', 'modulos/corretor/relatorios/cliente_ramo_atividade', 'abre'),
(174, 167, 'Cliente por Bairro', 60, 'index.php', 'modulos/corretor/relatorios/cliente_por_bairro', 'abre'),
(175, 167, 'Cliente por Corretor', 70, 'index.php', 'modulos/corretor/relatorios/cliente_vendedor', 'abre'),
(176, 167, 'Corretor por Imobiliária', 30, 'index.php', 'modulos/corretor/relatorios/corretor_por_imobiliaria', 'abre'),
(177, 167, 'Interesses', 0, 'index.php', 'modulos/corretor/relatorios/interesses', 'abre'),
(178, 167, 'Vendas Imobiliária', 0, 'imobiliaria_venda.php', 'modulos/corretor/relatorios/imobiliaria_venda', 'abre'),
(179, 167, 'Total Venda Imobiliária', 0, 'total_imobiliaria.php', 'modulos/corretor/relatorios/imobiliaria_venda', 'interno'),
(180, 167, 'Total Venda Corretor', 0, 'total_venda.php', 'modulos/corretor/relatorios/corretor_venda', 'interno'),
(181, 159, 'Revenda/Franquia', 0, 'revenda_franquia.php', 'modulos/vekttor/revenda_franquia', 'abre'),
(182, 159, 'Item no Menu', 0, 'item_menu.php', 'modulos/vekttor/item_menu', 'abre'),
(183, 4, 'teste', 0, 'teste.php', 'modulos/tete/teste', 'expande'),
(184, 4, 'teste', 0, 'teste.php', 'modulos/tete/teste', 'expande'),
(191, 3, 'Venda', 40, 'vendas.php', 'modulos/estoque/vendas', 'abre'),
(192, 3, 'Transferencia de Mercadoria', 50, 'transferencia.php', 'modulos/estoque/transferencia', 'abre'),
(193, 192, 'Itens da Transferencia', 0, 'transferencia_item.php', 'modulos/estoque/transferencia', 'abre'),
(194, 42, 'Detalhes Inventário', 1, 'detalhe_inventario.php', 'modulos/estoque/inventarios/detalhe_inventario/', 'interno'),
(195, 3, 'Recebimento de Transferência', 60, 'recebimento_transferencia.php', 'modulos/estoque/transferencia_recebimento', 'abre'),
(196, 195, 'Itens da Transferência', 0, 'recebimento_item.php', 'modulos/estoque/transferencia_recebimento', 'abre'),
(197, 3, 'Recebimento de Compra', 35, 'recebimento.php', 'modulos/estoque/compras_recebimento/', 'abre'),
(198, 197, 'Recebimento', 0, 'compras_recebimento.php', 'modulos/estoque/compras_recebimento/', 'abre'),
(199, 98, 'Colaborador por Periodo', 0, 'colaborador_por_periodo.php', 'modulos/projetos/relatorios', 'abre'),
(200, 3, 'Beneficiamento Recebimento', 80, 'beneficiamento_recebimento.php', 'modulos/estoque/beneficiamento_recebimento', 'abre'),
(201, 191, 'Nova Venda', 0, 'nova_venda.php', 'modulos/estoque/vendas/', 'abre'),
(202, 112, 'Item Contrato', 0, 'item_quebra.php', 'modulos/cozinha/quebra', 'abre'),
(203, 99, 'Necessidade Unidade', 35, 'necessidade_unidade.php', 'modulos/cozinha/necessidade_unidade', 'abre'),
(204, 0, 'Escolar', 50, '', '', 'expande'),
(206, 224, 'Unidades', 10, 'unidades.php', 'modulos/escolar/unidades/', 'abre'),
(208, 224, 'Periodos Letivos', 20, 'periodos.php', 'modulos/escolar/periodos/', 'abre'),
(210, 224, 'Curso', 30, 'cursos.php', 'modulos/escolar/cursos/', 'abre'),
(211, 224, 'Turma', 60, 'salas.php', 'modulos/escolar/salas', 'abre'),
(212, 224, 'Horarios / Turno', 50, 'horarios.php', 'modulos/escolar/horarios/', 'abre'),
(215, 204, 'Alunos', 90, 'index.php', 'modulos/escolar/alunos_inscritos', 'abre'),
(216, 204, 'Exportação', 157, 'exportacao.php', 'modulos/escolar/exportacao/', 'abre'),
(217, 204, 'Matriculas', 70, 'matriculas.php', 'modulos/escolar/matriculas/', 'abre'),
(218, 5, 'Retorno do banco', 158, 'retorno.php', 'modulos/financeiro/retorno_banco/', 'abre'),
(219, 224, 'Bolsistas', 120, 'bolsistas.php', 'modulos/escolar/bolsistas/', 'abre'),
(220, 224, 'Inadimplentes', 130, 'Inadimplentes.php', 'modulos/escolar/Inadimplentes/', 'abre'),
(221, 204, 'Aniversariantes', 160, 'relatorio_aniversariante.php', 'modulos/escolar/relatorios', 'abre'),
(222, 204, 'Responsaveis', 80, 'responsavel.php', 'modulos/escolar/responsavel/', 'abre'),
(223, 221, 'Relatório Sistético', 1, 'relatrorio_sistentico.php', 'modulos/escolar/relatorios/', 'interno'),
(224, 204, 'Cadastro', 155, '', '', 'expande'),
(225, 203, 'Nova Necessidade', 0, 'necessidade_unidade.php', 'modulos/cozinha/necessidade_unidade', 'interno'),
(226, 204, 'Visão Geral', 0, 'relatorio_sintetico.php', 'modulos/escolar/relatorios', 'abre'),
(227, 211, 'Alunos da Sala', 170, 'salas_alunos.php', 'modulos/escolar/salas/', 'interno'),
(228, 204, 'Relatório de Alergias', 180, 'alergia.php', 'modulos/escolar/alergias/', 'abre'),
(229, 228, 'Alunos Com Alergias', 190, 'alunos_alergias.php', 'modulos/escolar/alergias/', 'interno'),
(230, 226, 'Alunos', 1, 'alunos_lista.php', 'modulos/escolar/relatorios', 'interno'),
(232, 224, 'Professor', 62, 'professor.php', 'modulos/escolar/professor', 'abre'),
(234, 224, 'Materia', 35, 'materia.php', 'modulos/escolar/materia', 'abre'),
(243, 242, 'Turmas', 0, 'professor_turma.php', 'modulos/escolar/area_professor/turma', 'interno'),
(244, 204, 'Área do Professor', 100, 'area_professor.php', 'modulos/escolar/area_professor', 'abre'),
(256, 244, 'Lista Avaliação', 0, 'lista_avaliacao.php', 'modulos/escolar/area_professor/avaliacao', 'interno'),
(258, 256, 'Nota Avaliação', 0, 'nota_aluno_avaliacao.php', 'modulos/escolar/area_professor/avaliacao', 'interno'),
(259, 244, 'Lista Aula', 0, 'lista_chamada.php', 'modulos/escolar/area_professor/aula', 'interno'),
(260, 259, 'Chamada', 0, 'chamada_aluno_aula.php', 'modulos/escolar/area_professor/aula', 'interno'),
(261, 224, 'Professor por Turma', 63, 'professor_sala.php', 'modulos/escolar/professor_sala', 'abre'),
(262, 244, 'Média', 0, 'lista_alunos.php', 'modulos/escolar/area_professor/media', 'interno'),
(263, 218, 'Matriculas do Arquivo', 0, 'matriculas.php', 'modulos/financeiro/retorno_banco/', 'interno'),
(264, 224, 'Periodo de Avaliação', 61, 'periodicidade.php', 'modulos/escolar/periodicidade', 'abre'),
(266, 262, 'Média Final', 0, 'media_final.php', 'modulos/escolar/area_professor/media', 'interno'),
(267, 259, 'Faltas', 0, 'falta_materia.php', 'modulos/escolar/area_professor/faltas', 'interno'),
(268, 167, 'Comissão Corretor', 80, 'comissao_corretor.php', 'modulos/corretor/relatorios/comissao_corretor', 'abre'),
(269, 167, 'Comissão Imobiliária', 35, 'comissao_imobiliaria.php', 'modulos/corretor/relatorios/comissao_imobiliaria', 'abre'),
(270, 244, 'Avaliação Recuperação', 0, 'lista_avaliacao_recuperacao.php', 'modulos/escolar/area_professor/avaliacao', 'interno'),
(271, 204, 'Área do Aluno', 105, 'area_aluno.php', 'modulos/escolar/area_aluno', 'expande'),
(272, 244, 'Lista Alunos Recuperação', 0, 'lista_alunos_recuperacao.php', 'modulos/escolar/area_professor/media', 'interno'),
(273, 244, 'Nota Aluno Recuperação', 0, 'nota_aluno_recuperacao.php', 'modulos/escolar/area_professor/avaliacao', 'interno'),
(274, 244, 'Visualizar Nota Recuperação', 0, 'visualizar_notas_recuperacao.php', 'modulos/escolar/area_professor/avaliacao', 'interno'),
(275, 0, 'Ordem Serviço', 18, '', '', 'expande'),
(276, 275, 'O.S Cadastro', 10, 'odem_servico.php', 'modulos/ordem_servico/ordem_servico', 'abre'),
(277, 277, 'Serviços', 0, 'servicos.php', 'modulos/ordem_servico/servicos', 'abre'),
(322, 0, 'Relatório de Notas e Faltas', 200, 'notas_faltas.php', 'modulos/escolar/notas_faltas', 'abre'),
(279, 432, 'Cargos e Salários ', 40, 'cargo_salario.php', 'modulos/rh/cargos_salarios', 'abre'),
(280, 306, 'Produtos Vendidos', 0, 'produtos.php', 'modulos/ordem_servico/relatorios', 'abre'),
(281, 319, 'Visitas', 0, 'visita.php', 'modulos/ordem_servico/agenda_visita', 'abre'),
(282, 285, 'Forum', 0, 'pagina_principal_forum.php', 'modulos/escolar/area_aluno/forum', 'interno'),
(283, 271, ' Notas', 1, 'notas.php', 'modulos/escolar/area_aluno', 'abre'),
(284, 271, 'Faltas', 2, 'faltas.php', 'modulos/escolar/area_aluno/faltas', 'abre'),
(285, 271, 'Aulas', 3, 'materias.php', 'modulos/escolar/area_aluno/aulas/', 'abre'),
(286, 259, 'Upload Arquivo', 0, 'lista_arquivo.php', 'modulos/escolar/area_professor/aula/arquivo', 'interno'),
(287, 285, 'Aulas', 1, 'aulas.php', 'modulos/escolar/area_aluno/aulas/', 'interno'),
(288, 287, 'Aula', 0, 'aula.php', 'modulos/escolar/area_aluno/aulas/', 'interno'),
(289, 288, 'Mensagens Professor', 0, 'mesagem_para_professor.php', 'modulos/escolar/area_aluno/aulas/', 'interno'),
(290, 0, 'Forum', 0, 'pagina_principal_forum.php', 'modulos/escolar/area_aluno/forum', 'interno'),
(291, 244, 'Forum', 0, 'forum_pergunta.php', 'modulos/escolar/area_professor/forum', 'interno'),
(292, 291, 'Todas Perguntas', 0, 'todas_perguntas_forum.php', 'modulos/escolar/area_professor/forum', 'interno'),
(293, 271, 'Tradutor', 25, 'tradutor.php', 'modulos/escolar/area_aluno/tradutor', 'abre'),
(294, 271, 'Mensagens Privadas', 30, 'mensagens_privadas.php', 'modulos/escolar/area_aluno/mensagens', 'abre'),
(296, 291, 'Todas Perguntas', 0, 'todas_perguntas_inicio.php', 'modulos/escolar/area_professor/forum', 'interno'),
(297, 244, 'Mensagens Privadas', 10, 'mensagens.php', 'modulos/escolar/area_professor/mensagens/', 'interno'),
(298, 294, 'Mensagens', 35, 'todas_mensagens.php', 'modulos/escolar/area_aluno/mensagens', 'interno'),
(299, 297, 'Mensagens', 15, 'todas_mensagens.php', 'modulos/escolar/area_professor/mensagens/', 'interno'),
(300, 285, 'Lista Discussões', 0, 'lista_pergunta_aula.php', 'modulos/escolar/area_aluno/forum', 'interno'),
(301, 306, 'Serviços Vendidos', 0, 'servicos_vendidos.php', 'modulos/ordem_servico/relatorios/servicos', 'abre'),
(302, 306, 'Comissão Funcionários', 0, 'comissao_funcionario.php', 'modulos/ordem_servico/relatorios', 'abre'),
(303, 0, 'Aluguel', 14, '', '', 'expande'),
(304, 303, 'Cadastro de Equipamentos', 30, 'equipamento.php', 'modulos/aluguel/equipamento', 'abre'),
(305, 303, 'Locação / Devolução', 10, 'index.php', 'modulos/aluguel/locacao_devolucao', 'abre'),
(306, 275, 'Relatórios', 30, '', '', 'expande'),
(307, 306, 'Receitas X Despesas', 0, 'receitas.php', 'modulos/ordem_servico/relatorios/receitas', 'abre'),
(308, 303, 'Modelo de Contrato', 40, 'contrato.php', 'modulos/aluguel/contrato', 'abre'),
(309, 275, 'Configuração da OS', 19, 'configuracao_os.php', 'modulos/ordem_servico/configuracao', 'abre'),
(310, 204, 'Cobrança', 45, '', '', 'expande'),
(311, 310, 'Gerar Mensalidades', 0, 'mensalidades_escolar.php', 'modulos/cobranca/mensalidades_escolar', 'abre'),
(312, 310, 'Impressão Por aluno', 1, 'impressao_boletos.php', 'modulos/cobranca/mensalidades_escolar/mensalidade_escolar_impressao/', 'abre'),
(314, 303, 'Relatorios', 50, '', '', 'expande'),
(315, 314, 'Disponibilidade Equipamento', 0, 'disponibilidade.php', 'modulos/aluguel/relatorios/disponibilidade', 'abre'),
(316, 310, 'Impressão Massa', 1, 'impressao_boletos_massa.php', 'modulos/cobranca/mensalidades_escolar/mensalidade_escolar_impressao_massa/', 'abre'),
(317, 303, 'Orçamento', 20, 'orcamento.php', 'modulos/aluguel/orcamento', 'abre'),
(318, 314, 'Receitas VS Despesas', 0, 'receitas.php', 'modulos/aluguel/relatorios/receitas', 'abre'),
(319, 275, 'Cadastros', 20, '', '', 'expande'),
(320, 319, 'Serviços', 0, 'servicos.php', 'modulos/ordem_servico/servicos', 'abre'),
(321, 319, 'Atendimento', 0, 'atendimento.php', 'modulos/ordem_servico/atendimento', 'abre'),
(323, 204, 'Relatório de Notas e Faltas', 200, 'notas_faltas.php', 'modulos/escolar/notas_faltas', 'abre'),
(324, 204, 'Aulas Online', 102, 'aulas_online.php', 'modulos/escolar/aulas_online_cadastro/', 'abre'),
(325, 324, 'Aulas do Módulo', 0, 'lista_aulas_modulo.php', 'modulos/escolar/aulas_online_cadastro/aulas_online_cadastradas/', 'interno'),
(326, 325, 'Arquivos da aula', 5, 'arquivos_aula_online.php', 'modulos/escolar/aulas_online_cadastro/aulas_online_cadastradas/arquivos_aula_online/', 'abre'),
(327, 271, 'Aulas Online', 5, 'materias_online.php', 'modulos/escolar/area_aluno/aulas_online/', 'abre'),
(328, 327, 'Aulas da Matéria', 1, 'aula_online_lista.php', 'modulos/escolar/area_aluno/aulas_online/aulas_online_lista/', 'interno'),
(329, 303, 'Configuração do Aluguel', 60, 'configuracao_aluguel.php', 'modulos/aluguel/configuracao', 'abre'),
(330, 328, 'Ver Aula', 5, 'ver_aula_online.php', 'modulos/escolar/area_aluno/aulas_online/ver_aula_online', 'interno'),
(331, 159, 'Serviços', 0, 'servicos.php', 'modulos/vekttor/servicos', 'abre'),
(332, 159, 'Pacotes', 0, 'pacotes.php', 'modulos/vekttor/pacotes', 'abre'),
(333, 159, 'Modelo Contrato Revendedor', 130, 'contrato.php', 'modulos/vekttor/contrato_revendedora', 'abre'),
(334, 159, 'Modelo Contrato Cliente', 140, 'contrato.php', 'modulos/vekttor/contrato_cliente', 'abre'),
(335, 159, 'Relatórios', 150, '', '', 'expande'),
(337, 335, 'Analise de Revendedor', 0, 'analise_revendedor.php', 'modulos/vekttor/relatorios', 'abre'),
(338, 335, 'Analise de Mensalidades', 1, 'analise_mensalidades.php', 'modulos/vekttor/relatorios', 'abre'),
(357, 159, 'Tutorial', 160, '', '', 'expande'),
(358, 357, 'Ajuda', 0, 'index.php', 'modulos/vekttor/tutorial', 'abre'),
(341, 335, 'Rank Vendedores', 2, 'rank_vendedores.php', 'modulos/vekttor/relatorios', 'abre'),
(342, 335, 'Venda de pacote', 3, 'venda_pacotes.php', 'modulos/vekttor/relatorios', 'abre'),
(343, 0, 'Revenda Vekttor', 140, '', '', 'expande'),
(344, 343, 'Vendedor', 0, 'vendedor.php', 'modulos/revenda_vekttor/vendedor', 'abre'),
(345, 343, 'Configuração', 0, 'configuracao.php', 'modulos/revenda_vekttor/configuracao', 'abre'),
(346, 343, 'Contato', 0, 'contato.php', 'modulos/revenda_vekttor/contato', 'abre'),
(348, 343, 'Relatórios', 50, '', '', 'expande'),
(349, 348, 'Venda por vendedor', 1, 'venda_vendedor.php', 'modulos/revenda_vekttor/relatorios', 'abre'),
(350, 348, 'Vendedor por Atendimento', 2, 'vendedor_atendimento.php', 'modulos/revenda_vekttor/relatorios', 'abre'),
(351, 348, 'Vendedor por Fechamento', 3, 'vendedor_fechamento.php', 'modulos/revenda_vekttor/relatorios', 'abre'),
(352, 343, 'Atendimento de Vendedor', 40, 'atendimento_vendedor.php', 'modulos/revenda_vekttor/atendimento_vendedor', 'abre'),
(353, 159, 'Revenda', 0, 'revenda.php', 'modulos/revenda_vekttor/revenda', 'abre'),
(354, 343, 'Venda', 0, 'venda.php', 'modulos/revenda_vekttor/venda', 'abre'),
(355, 348, 'Venda por Período', 4, 'venda_periodo.php', 'modulos/revenda_vekttor/relatorios', 'abre'),
(356, 341, 'Vendas', 1, 'venda_vendedores.php', 'modulos/vekttor/relatorios', 'interno'),
(359, 349, 'Venda por Vendedor Analitico', 0, 'venda_vendedor_analitico.php', 'modulos/revenda_vekttor/relatorios', 'abre'),
(360, 350, 'Vendedor por Atendimento Analitico', 0, 'vendedor_atendimento_analitico.php', 'modulos/revenda_vekttor/relatorios', 'abre'),
(361, 351, 'Vendedor Por Fechamento Analítico', 0, 'vendedor_fechamento_analitico.php', 'modulos/revenda_vekttor/relatorios', 'abre'),
(362, 355, 'Venda por Periodo Analitico', 0, 'venda_periodo_analitico', 'modulos/revenda_vekttor/relatorios', 'abre'),
(363, 146, 'Eleitores', 0, 'eleitores_index.php', 'modulos/eleitoral/relatorios', 'abre'),
(408, 410, 'Cadastro de Promocao', 45, 'promocao.php', 'modulos/eleitoral/promocao', 'abre'),
(365, 337, 'Analise Revendedor Analítico', 0, 'analise_revendedor_analitico.php', 'modulos/vekttor/relatorios', 'abre'),
(366, 338, 'Analise de Mensalidades Analítico', 0, 'analise_mensalidade_analitico.php', 'modulos/vekttor/relatorios', 'abre'),
(367, 0, 'Agendamendo', 0, '', '', 'expande'),
(368, 0, 'Odonto', 0, '', '', 'expande'),
(369, 0, 'E-mail Marketing', 0, '', '', 'expande'),
(370, 0, 'SMS', 0, '', '', 'expande'),
(371, 380, 'Convenio', 10, 'convenio.php', 'modulos/odonto/convenios', 'abre'),
(372, 367, 'Agenda Diaria', 0, 'agendadiaria.php', 'modulos/agendamento/agenda_diaria/', 'abre'),
(373, 380, 'Procedimentos', 20, 'servicos.php', 'modulos/ordem_servico/servicos', 'abre'),
(374, 380, 'Modelos  de Contrato', 30, 'modelo_contrato.php', 'modulos/odonto/modelo_contrato', 'abre'),
(376, 369, 'E-Mail Marketing', 10, 'emailmarketing.php', 'modulos/emailmarketing/emailmarketing', 'abre'),
(398, 407, 'SMS Importados', 45, 'sms_importado.php', 'modulos/eleitoral/sms_importado/', 'abre'),
(380, 368, 'Cadastros', 40, '', '', 'expande'),
(382, 368, 'Odontologo', 40, 'odontologo.php', 'modulos/odonto/odontologo', 'abre'),
(383, 368, 'Fila de Espera', 50, 'fila_de_espera.php', 'modulos/odonto/fila_espera', 'abre'),
(389, 368, 'Relatórios', 60, '', '', 'expande'),
(386, 370, 'Enviar SMS', 0, 'odontosms.php', 'modulos/sms/odonto', 'abre'),
(387, 368, 'Atendimento', 10, 'atendimento.php', 'modulos/odonto/atendimento/', 'abre'),
(388, 368, 'Aprovação e Pagamento', 15, 'pagamento.php', 'modulos/odonto/pagamento', 'abre'),
(390, 389, 'Atendimento por Odontólogo', 1, 'atendimento_odontologo.php', 'modulos/odonto/relatorios', 'abre'),
(391, 389, 'Última Consulta Cliente', 2, 'ultima_consulta_cliente.php', 'modulos/odonto/relatorios', 'abre'),
(392, 306, 'Atividades Por Colaborador', 50, 'atividade_colaborador.php', 'modulos/ordem_servico/relatorios', 'abre'),
(393, 314, 'Entregas Atrasadas', 30, 'entregas_atrasadas.php', 'modulos/aluguel/relatorios/entregas_atrasadas', 'abre'),
(394, 389, 'Cliente X Serviço X Tempo', 3, 'cliente_servicos_tempo.php', 'modulos/odonto/relatorios/cliente_servico_tempo', 'abre'),
(395, 394, 'Cliente x Tempo', 10, 'cliente_tempo.php', 'modulos/odonto/relatorios/cliente_servico_tempo', 'interno'),
(396, 3, 'Relatorios', 100, '', '', 'expande'),
(397, 396, 'Histórico de Produto', 0, 'historico_produto.php', 'modulos/estoque/relatorios', 'abre'),
(399, 204, 'Todas Aulas', 0, 'aulas.php', 'modulos/escolar/aulas', 'abre'),
(400, 407, 'Importação Facebook', 47, 'importacao_facebook.php', 'modulos/eleitoral/importacao_facebook', 'abre'),
(401, 122, 'Importação Rádio', 48, 'importacao_radio.php', 'modulos/eleitoral/importacao_radio', 'abre'),
(402, 122, 'E-mail Marketing', 55, 'emailmarketing.php', 'modulos/eleitoral/emailmarketing', 'abre'),
(403, 224, 'Alunos Reprovados', 85, 'reprovados.php', 'modulos/escolar/alunos_reprovados/', 'abre'),
(404, 271, 'Financeiro', 0, 'financeiro.php', 'modulos/escolar/area_aluno/financeiro', 'abre'),
(405, 146, 'Aniversariante', 0, 'aniversariante.php', 'modulos/eleitoral/aniversariante', 'abre'),
(406, 407, 'Importação E-mail', 49, 'importacao_email.php', 'modulos/eleitoral/importacao_email', 'abre'),
(407, 122, 'Importação', 100, '', '', 'expande'),
(409, 410, 'Participante Promoção', 46, 'participante_promocao.php', 'modulos/eleitoral/participante_promocao', 'abre'),
(410, 122, 'Promoção', 110, 'promocao.php', '', 'expande'),
(411, 402, 'Emails Enviados', 1, 'emails_enviados.php', 'modulos/eleitoral/emailmarketing/', 'interno'),
(412, 402, 'Emails Recebidos', 2, 'emails_recebidos.php', 'modulos/eleitoral/emailmarketing/', 'interno'),
(413, 402, 'Não Enviados', 3, 'emails_naoenviados.php', 'modulos/eleitoral/emailmarketing/', 'interno'),
(414, 376, 'Emails Enviados', 1, 'emails_enviados.php', 'modulos/emailmarketing/emailmarketing/', 'interno'),
(415, 376, 'Recebidos ', 2, 'emails_recebidos.php', 'modulos/emailmarketing/emailmarketing/', 'interno'),
(416, 376, 'Emails Não Recebidos', 3, 'emails_naoenviados.php', 'modulos/emailmarketing/emailmarketing/', 'interno'),
(417, 93, 'Empresa', 10, 'empresa.php', 'modulos/rh/empresa/', 'abre'),
(418, 93, 'Movimentacao', 20, '', '', 'expande'),
(419, 418, 'Admissão de Funcionário', 0, 'funcionarios.php', 'modulos/rh/funcionarios', 'abre'),
(420, 419, 'Funcionario', 1, 'lista_funcionario.php', 'modulos/rh/funcionarios', 'interno'),
(421, 93, 'Modelos de Contrato', 50, 'modelo_contrato.php', 'modulos/odonto/modelo_contrato/', 'abre'),
(422, 418, 'Alteração de Salário', 1, 'alteracao_salario.php', 'modulos/rh/alteracao_salario/', 'abre'),
(423, 422, 'Alteração Salário Funcionário', 1, 'alteracao_salario_funcionario.php', 'modulos/rh/alteracao_salario/', 'interno'),
(424, 418, 'Mudança de Cargo', 2, 'mudanca_cargo.php', 'modulos/rh/mudanca_cargo/', 'abre'),
(425, 424, 'Mudança Cargo Funcionario', 1, 'mudanca_cargo_funcionario.php', 'modulos/rh/mudanca_cargo/', 'interno'),
(426, 418, 'Demissão de Funcionário', 3, 'demissao_funcionario.php', 'modulos/rh/demissao_funcionario/', 'abre'),
(427, 426, 'Demissão', 1, 'demissao.php', 'modulos/rh/demissao_funcionario/', 'interno'),
(428, 93, 'Cobrança', 30, '', '', 'expande'),
(429, 428, 'Cobrança', 1, 'cobranca.php', 'modulos/rh/cobranca', 'abre'),
(430, 428, 'Relatório', 2, 'relatorio.php', 'modulos/rh/cobranca', 'abre'),
(431, 430, 'Relatório de Cobranças', 1, 'relatorio_interno.php', 'modulos/rh/cobranca/', 'interno'),
(432, 93, 'Tabelas', 35, '', '', 'expande'),
(433, 432, 'INSS', 1, 'inss.php', 'modulos/rh/tabelas/inss', 'abre'),
(434, 432, 'Salario Familia', 0, 'salario_familia.php', 'modulos/rh/tabelas/salario_familia', 'abre'),
(435, 432, 'IRPF', 3, 'irpf.php', 'modulos/rh/tabelas/irpf', 'abre'),
(436, 418, 'Férias', 36, 'ferias.php', 'modulos/rh/ferias/', 'abre'),
(437, 204, 'Resumo de Matriculas', 1000, 'matriculas.php', 'modulos/escolar/relatorios', 'blank'),
(438, 204, 'Ultimas Matriculas', 2000, 'ultimas_matriculas.php', 'modulos/escolar/relatorios', 'blank'),
(439, 93, 'Folha de Pagamento', 60, 'folha_pagamento.php', 'modulos/rh/folha_pagamento', 'abre'),
(440, 93, 'Hora Extra', 36, 'hora_extra.php', 'modulos/rh/hora_extra/', 'abre'),
(441, 439, 'Gerenciar Folha de Pagamento', 5, 'administracao_folha_pagamento.php', 'modulos/rh/folha_pagamento/', 'interno'),
(442, 440, 'Hora Extra Funcionário', 1, 'hora_extra_funcionario.php', 'modulos/rh/hora_extra/', 'interno'),
(443, 418, 'Relatório de Movimentações', 60, 'relatorio_movimentacoes.php', 'modulos/rh/relatorios/', 'abre'),
(444, 432, 'Feriados', 0, 'feriado.php', 'modulos/rh/tabelas/feriados', 'abre'),
(445, 93, 'Alterar Folha de Pagamento', 70, 'folha_pagamento.php', 'modulos/rh/folha_pagamento/', 'abre'),
(446, 445, 'Alteração de Folha', 5, 'administracao_folha_pagamento.php', 'modulos/rh/folha_pagamento/', 'interno'),
(447, 0, 'Backup', 900, 'backup_prototipo.php', 'modulos/backup', 'expande'),
(449, 447, 'Backup Completo', 10, 'backup_prototipo.php', 'modulos/backup/', 'abre'),
(450, 93, 'CAGED', 80, 'caged.php', 'modulos/rh/caged', 'abre'),
(452, 275, 'Impressoes OS', 11, 'impressao_os.php', 'modulos/ordem_servico/impressao_os/', 'abre'),
(453, 122, 'Definir Sexo', 0, 'definir_sexo.php', 'modulos/eleitoral/definir_sexo', 'abre'),
(454, 0, 'Escolar2', 0, '', '', 'expande'),
(455, 454, 'Cadastro', 0, '', '', 'expande'),
(456, 455, 'Estrutura Curricular', 10, 'cursos.php', 'modulos/escolar2/cursos/', 'abre'),
(458, 455, 'Escolas', 1, 'escolas.php', 'modulos/escolar2/escolas/', 'abre'),
(459, 455, 'Calendário Escolar', 40, 'agendadiaria.php', 'modulos/agendamento/agenda_diaria/', 'abre'),
(460, 455, 'Organizar Turmas', 25, 'vagas.php', 'modulos/escolar2/vagas/', 'abre'),
(461, 454, 'Matriculas', 20, '', '', 'expande'),
(462, 461, 'Confirmação de Matriculas', 10, 'matricula_confirmacao.php', 'modulos/escolar2/matricula_confirmacao/', 'abre'),
(476, 454, 'Configurações', 0, 'configuracao.php', 'modulos/escolar2/configuracao', 'abre'),
(467, 455, 'Cargos', 15, 'cargos.php', 'modulos/escolar2/cadastros/cargos', 'abre'),
(469, 455, 'Funcionários', 20, 'professores.php', 'modulos/escolar2/cadastros/professores', 'abre'),
(470, 45, 'Criar Cotação', 2, 'criar_cotacao.php', 'modulos/cozinha/cotacao', 'interno'),
(473, 461, 'Matricular Aluno', 0, 'matricula_confirmacao.php', 'modulos/escolar2/matricula_confirmacao', 'abre'),
(474, 460, 'Horários', 50, 'preenchimento_horarios.php', 'modulos/escolar2/cadastros/preenchimento_horarios', 'interno'),
(475, 419, 'Funcionários Aniversariantes', 2, 'funcionarios_aniversariantes.php', 'modulos/rh/funcionarios', 'interno');

-- --------------------------------------------------------

--
-- Estrutura da tabela `usuario`
--

CREATE TABLE IF NOT EXISTS `usuario` (
  `id` int(11) NOT NULL AUTO_INCREMENT,
  `cliente_vekttor_id` int(11) NOT NULL,
  `usuario_tipo_id` int(11) NOT NULL,
  `obra_id` int(11) NOT NULL,
  `nome` varchar(255) NOT NULL,
  `login` varchar(45) NOT NULL,
  `senha` varchar(45) NOT NULL,
  `status` enum('1','2') NOT NULL COMMENT '1=Ativo,2=Inativo',
  PRIMARY KEY (`id`,`usuario_tipo_id`)
) ENGINE=MyISAM  DEFAULT CHARSET=latin1 AUTO_INCREMENT=215 ;

--
-- Extraindo dados da tabela `usuario`
--

INSERT INTO `usuario` (`id`, `cliente_vekttor_id`, `usuario_tipo_id`, `obra_id`, `nome`, `login`, `senha`, `status`) VALUES
(6, 1, 219, 0, 'Itacyara Barros', 'itacyara', '011027', '1'),
(7, 2, 29, 0, 'Financeiro', 'financeiro', '142536', '1'),
(8, 3, 8, 1, 'Família Novo', 'familianovo', 'mimn', '1'),
(9, 4, 25, 0, 'Alexandre Pimenta', 'alexandre', 'alexandre', '1'),
(10, 5, 10, 0, 'David Marques', 'david', 'david', '1'),
(19, 8, 17, 0, 'Rita', 'creche e aparece', '12345', '1'),
(12, 6, 12, 0, 'Candidato', 'Candidato', 'eleitoral', '1'),
(15, 6, 13, 0, 'Gerente Comite', 'colaborador', 'colaborador', '1'),
(20, 8, 18, 0, 'Recepcao', 'matricula', '123', '1'),
(18, 7, 16, 0, 'Muraki', 'muraki', 'cursos', '1'),
(47, 15, 41, 0, 'Alexandre', 'Escola', 'escola', '1'),
(22, 9, 23, 0, 'Danilo Tamer', 'Danilo', '12345', '1'),
(24, 10, 26, 0, 'Hiram Nicolau', 'hiramnicolau', 'psd2012', '1'),
(25, 10, 27, 0, 'Igor', 'igor', 'dantas19', '1'),
(27, 2, 29, 0, 'Contrutora NV', 'construtoranv', '123456', '1'),
(28, 8, 17, 0, 'KARLA DA SILVA BARROS', 'berçario', '123456', '1'),
(29, 2, 32, 0, 'Home Life', 'homelife', 'homelife', '1'),
(30, 2, 32, 0, 'DNA Imóveis', 'dnaimoveis', 'dnaimoveis', '1'),
(31, 4, 9, 0, 'Adriana', 'adriana', '12345', '1'),
(32, 1, 33, 0, 'dernando do nascimento custódio', 'dernando', 'dernando', '1'),
(33, 1, 33, 0, 'professor1', 'professor1', 'professor1', '1'),
(34, 11, 34, 0, 'ricardolima', 'ricardolima89', '1989wuwei', '1'),
(35, 12, 35, 0, 'Muraki', 'Muraki', 'ingles', '1'),
(36, 12, 36, 0, 'eduardo santos', 'eduardo', 'professor', '1'),
(39, 12, 36, 0, 'Professor Virtual', 'professor', '12345', '1'),
(38, 12, 36, 0, 'alexandre@vekttor', 'alexandre', '1234567890', '1'),
(42, 13, 38, 0, 'Evolução', 'evolucao', '12345', '1'),
(44, 13, 37, 0, 'Alexandre', 'professor', '12345', '1'),
(45, 14, 39, 0, 'Palatare', 'palatare', 'palatare', '1'),
(46, 14, 40, 0, 'Maria Laide', 'estoque', 'estoque', '1'),
(49, 16, 42, 0, 'Puraka', 'puraka', 'contas2013', '1'),
(51, 14, 44, 0, 'Amanda', 'amanda', 'palatare', '1'),
(52, 14, 40, 0, 'Isabela', 'isabela', 'palatare', '1'),
(53, 17, 46, 0, 'Daniel Aragão', 'daniel', 'candidato', '1'),
(58, 20, 51, 0, 'Dernando', 'asc', '123', '1'),
(57, 19, 50, 0, 'Jaime', 'lae', '123', '1'),
(59, 21, 52, 0, 'Ricardo Lima', 'cl', '123', '2'),
(60, 22, 53, 0, 'ATC', 'atc', '123', '1'),
(61, 23, 54, 0, 'Alexandre', 'Assistencia Ar', 'ar', '1'),
(62, 24, 55, 0, 'Loja de eventos', 'LE', '123', '2'),
(63, 25, 57, 0, 'Empresa Modelo', 'empresamodelo', 'teste', '1'),
(64, 1, 58, 0, 'Dernendo Nascimento', 'dernando', 'nascimento', '1'),
(65, 1, 58, 0, 'Jaime Neves', 'jaime', 'neves', '1'),
(66, 1, 58, 0, 'Ricardo Lima', 'ricardo', '123', '1'),
(67, 26, 59, 0, 'Revendedor 1', 'revendedor1', 'revendedor1', '1'),
(71, 27, 60, 0, 'vendedor revenda 2', 'vrevenda2', '123', '1'),
(70, 27, 60, 0, 'Revendedor_2', 'revendedor2', 'revendedor2', '1'),
(72, 27, 60, 0, 'vendedor r2', 'vendorr2', '123', '1'),
(73, 27, 60, 0, 'teste vendedr', 'testev', '123', '1'),
(74, 27, 60, 0, 'Vendedor - Dernando Revenda 2', 'vrdoor2', '123', '1'),
(75, 27, 60, 0, 'v revenda 2-1', 'vrevenda2', '1234', '1'),
(76, 27, 60, 0, 'teste r2', 'teste r2', '123', '1'),
(77, 27, 60, 0, 'teste r2', 'tester2', '123', '1'),
(78, 27, 60, 0, 'vendedorRev2', 'vendedorRev2', '123', '1'),
(5, 1, 8, 0, 'Mario Novo', 'admin', '001236', '1'),
(80, 28, 61, 0, 'Vendedor RevendaJ', 'vrj', '123', '1'),
(81, 29, 62, 0, 'Genius Vekttor', 'genius', '123', '1'),
(82, 28, 61, 0, '', '', '', '1'),
(83, 28, 61, 0, '', '', '', '1'),
(85, 1, 64, 0, 'VENDEDOR VEKTTOR 1', 'vendedorvekttor1', '12345', '1'),
(86, 1, 64, 0, 'Vendedor Vekttor 2', 'vend123', '123', '1'),
(87, 15, 41, 0, 'Professora 1', '12345', '12345', '1'),
(88, 27, 60, 0, 'João da Silva Lima', 'joaov', 'joaov', '1'),
(100, 42, 83, 0, 'revendedor3', 'r3', 'r3', '1'),
(156, 1, 196, 0, 'Otaviano', 'ota', '123', '1'),
(159, 8, 17, 0, 'MONICA VALENTIM DANTAS', 'MONICAD', 'MONICAD', '1'),
(160, 8, 17, 0, 'ADRIANA CORDOVIL SAVEDRA', 'adriana', 'adriana', '1'),
(161, 165, 192, 0, 'Rafael Lima', 'rafaelmonteiroelima', 'rafael123', '1'),
(162, 1, 8, 0, 'Otaviano', 'ota', '123', '1'),
(163, 1, 8, 0, '', '', '', '1'),
(164, 1, 8, 0, 'Otaviano da Silva', 'ota', '123', '1'),
(165, 166, 193, 0, 'Administrador', 'luizfernando', 'ecotech123', '1'),
(171, 1, 196, 0, 'Joao da Silva', 'joao_d', '123', '1'),
(170, 1, 8, 0, 'Daniela de Souza Lima', 'dani', '123456', '1'),
(172, 1, 196, 0, 'Odontologo da Silva', 'o_silva', '123456789', '1'),
(173, 167, 197, 0, 'Odontologo Teste', 'odonto ', '123', '1'),
(174, 167, 197, 0, 'ALINE SEVERIANO DA SILVA', 'aline', 'severiano', '1'),
(175, 167, 197, 0, 'ARAO DOMINGOS PREGO', 'arao', 'domingos', '1'),
(176, 168, 198, 0, 'Escolar1', 'escolar1', '123', '1'),
(177, 168, 198, 0, 'Dernando da Silva Custodio', 'dernando_escolar', '123', '1'),
(178, 168, 198, 0, 'Francisco da Silva e SIlva', 'freancisco_escolar', '123', '1'),
(179, 168, 198, 0, 'Ricardo Lima', 'ricardo_escolar', '123', '1'),
(180, 168, 198, 0, 'Anselmo Freitas Galvão', 'anselmo_escolar', '123', '1'),
(181, 7, 199, 0, 'Mario Teste ', 'professormuraki1', '123456', '1'),
(182, 169, 200, 0, 'josuenet', 'josuenet', '49sglw73re', '1'),
(183, 170, 201, 0, 'VANESSA PRINCIPAL', 'vanessa', 'vanessa65', '1'),
(184, 171, 202, 0, 'rh', 'rhteste', '123', '1'),
(185, 172, 203, 0, 'Muito Mais Publicidade e Eventos', 'muitomais', '11292601', '1'),
(186, 173, 204, 0, 'Marcelo Ramos', 'marcelo', 'ramos2014', '1'),
(187, 25, 206, 0, 'Itacyara', 'itacyara', '0', '1'),
(188, 1, 8, 0, 'Dernando', '', '', '1'),
(189, 172, 209, 0, 'EDIANE GAMA', 'Eddy', '91327559', '1'),
(190, 172, 208, 0, 'Kessia', 'Kessia', 'designer01', '1'),
(191, 173, 210, 0, 'Gibson', 'Gibson', '40789giga', '1'),
(192, 173, 210, 0, 'Carla', 'carla', '122132', '1'),
(193, 173, 210, 0, 'Danielle', 'danielle', '231410', '1'),
(194, 173, 210, 0, 'Maurilia', 'maurilia', '99867241', '1'),
(195, 173, 204, 0, 'Anderson Sales', 'anderson', '102030vg', '1'),
(196, 174, 211, 0, 'Loteria', 'Loterica', '123', '1'),
(197, 6, 12, 0, 'Gilvandro', 'gil', '123456', '1'),
(198, 6, 13, 0, 'bruna', 'bruna', '123456', '1'),
(199, 173, 210, 0, 'Carina Paloma', 'carina', '010389', '1'),
(200, 57, 212, 0, 'Athletic Way', 'Athletic', '123', '1'),
(201, 25, 214, 0, 'Katia', 'katia1', '123', '1'),
(202, 172, 215, 0, 'Antonio Aurino Jr', 'JUNIOR', '123456', '1'),
(203, 175, 216, 0, 'purakaobras', 'purakaobras', 'obras2013', '1'),
(204, 176, 217, 0, 'MFS NOVO JUNIOR', 'mfs', 'vektor10', '1'),
(205, 177, 218, 0, 'Escolar2', 'escolar2', '123', '1'),
(206, 177, 220, 0, 'Jaime Neves', 'jaimeprofessor', '12345', '1'),
(207, 14, 221, 0, 'Lea', 'rh', 'palarh', '1'),
(212, 177, 218, 0, 'Raimundo Lobtao', 'teste', 'teste', '1'),
(213, 177, 220, 0, 'Jaime Melo Rego', 'professorteste', '123', '1'),
(214, 177, 220, 0, 'Cleto Sabino', 'cleto', '123', '1');

-- --------------------------------------------------------

--
-- Estrutura da tabela `usuario_tipo`
--

CREATE TABLE IF NOT EXISTS `usuario_tipo` (
  `id` int(11) NOT NULL AUTO_INCREMENT,
  `vkt_id` int(11) NOT NULL,
  `nome` varchar(20) DEFAULT NULL,
  PRIMARY KEY (`id`)
) ENGINE=MyISAM  DEFAULT CHARSET=latin1 AUTO_INCREMENT=222 ;

--
-- Extraindo dados da tabela `usuario_tipo`
--

INSERT INTO `usuario_tipo` (`id`, `vkt_id`, `nome`) VALUES
(88, 27, 'Administrador1'),
(8, 1, 'Administrador'),
(9, 4, 'Adriana'),
(11, 1, 'Administrador'),
(12, 6, 'Adminstrador'),
(13, 6, 'Comite'),
(15, 2920, 'Administrador'),
(16, 7, 'Administrador'),
(17, 8, 'Administrador'),
(18, 8, 'Matriculas'),
(31, 8, 'Luciana'),
(29, 2, 'Gerencia Geral'),
(42, 16, 'Administrativo'),
(38, 13, 'Administrador'),
(25, 4, 'Alexandre'),
(27, 10, 'Cordenador'),
(32, 2, 'Imobiliária'),
(34, 11, 'Ricardo - Pessoal'),
(33, 1, 'Administrador'),
(35, 12, 'Administrador'),
(36, 12, 'Professor'),
(41, 15, 'Administrador'),
(39, 14, 'Palatare Adm'),
(40, 14, 'Estoque'),
(43, 16, 'Administrativo'),
(44, 14, 'Nutricionista'),
(46, 17, 'Administrador'),
(48, 48134, ''),
(50, 19, 'Administrador Andaim'),
(51, 20, 'Administrador'),
(52, 21, 'Administrador'),
(53, 22, 'Administrador'),
(54, 23, 'Admin'),
(55, 24, 'Administrador 11'),
(56, 3, 'Administrador'),
(57, 25, 'Administrador'),
(58, 1, 'Desenvolvimento'),
(60, 27, 'Revendedor_2'),
(90, 66, 'revenda_vekttor'),
(192, 165, 'Rafael'),
(89, 27, 'Administrador1'),
(64, 1, 'VENDEDOR'),
(65, 31, ''),
(84, 15, 'Recepção'),
(85, 15, 'financeiro'),
(87, 27, 'Administrador1'),
(79, 36, 'revenda_vekttor'),
(80, 35, 'revenda_vekttor'),
(91, 66, 'Vendedor'),
(92, 67, 'Administrador1'),
(94, 69, 'Administrador1'),
(191, 55, ''),
(101, 76, 'revenda_vekttor'),
(102, 76, 'Vendedro (revenda ri'),
(105, 79, 'Administrador1'),
(106, 80, 'Administrador1'),
(125, 99, 'Administrador1'),
(193, 166, 'Administrador'),
(194, 166, 'Cliente'),
(195, 166, 'Tipo Contas a Pagar'),
(185, 159, 'Administrador1'),
(190, 164, 'revenda_vekttor'),
(196, 1, 'Odontologo'),
(197, 167, 'Odontologo'),
(198, 168, 'Escolar1'),
(199, 7, 'Professor'),
(200, 169, 'Principal'),
(201, 170, 'PRINCIPAL'),
(202, 171, 'RH'),
(203, 172, 'Administrativo'),
(204, 173, 'Administrador'),
(205, 25, 'Contas a Pagar'),
(206, 25, 'Contas a Receber'),
(207, 172, 'Contas Pagar'),
(208, 172, 'Atendente'),
(209, 172, 'Pré Atendimento'),
(210, 173, 'Usuarios'),
(211, 174, 'Administrador'),
(212, 57, ''),
(213, 57, ''),
(214, 25, 'Caixa'),
(215, 172, 'Impressor'),
(216, 175, 'Administração'),
(217, 176, 'Usuário Master'),
(218, 177, 'Administrador geral'),
(219, 1, 'Financeiro'),
(220, 177, 'Professor'),
(221, 14, 'RH');

-- --------------------------------------------------------

--
-- Estrutura da tabela `usuario_tipo_modulo`
--

CREATE TABLE IF NOT EXISTS `usuario_tipo_modulo` (
  `modulo_id` int(11) NOT NULL,
  `usuario_tipo_id` int(11) NOT NULL,
  PRIMARY KEY (`modulo_id`,`usuario_tipo_id`),
  KEY `fk_usuario_tipo_modulo_usuario_tipo1` (`usuario_tipo_id`)
) ENGINE=MyISAM DEFAULT CHARSET=latin1;

--
-- Extraindo dados da tabela `usuario_tipo_modulo`
--

INSERT INTO `usuario_tipo_modulo` (`modulo_id`, `usuario_tipo_id`) VALUES
(13, 0),
(13, 7),
(13, 8),
(13, 10),
(13, 11),
(13, 12),
(13, 15),
(13, 16),
(13, 17),
(13, 23),
(13, 25),
(13, 26),
(13, 29),
(13, 34),
(13, 35),
(13, 38),
(13, 39),
(13, 41),
(13, 42),
(13, 46),
(13, 54),
(13, 56),
(13, 57),
(13, 60),
(13, 63),
(13, 89),
(13, 90),
(13, 92),
(13, 94),
(13, 96),
(13, 100),
(13, 101),
(13, 105),
(13, 106),
(13, 191),
(13, 192),
(13, 193),
(13, 197),
(13, 200),
(13, 201),
(13, 202),
(13, 203),
(13, 204),
(13, 211),
(13, 212),
(13, 213),
(13, 216),
(13, 217),
(13, 218),
(13, 219),
(14, 0),
(14, 7),
(14, 8),
(14, 10),
(14, 11),
(14, 12),
(14, 15),
(14, 16),
(14, 17),
(14, 23),
(14, 25),
(14, 26),
(14, 29),
(14, 34),
(14, 35),
(14, 38),
(14, 39),
(14, 41),
(14, 42),
(14, 46),
(14, 54),
(14, 56),
(14, 57),
(14, 60),
(14, 63),
(14, 90),
(14, 92),
(14, 94),
(14, 96),
(14, 100),
(14, 101),
(14, 105),
(14, 106),
(14, 191),
(14, 192),
(14, 193),
(14, 197),
(14, 200),
(14, 201),
(14, 202),
(14, 203),
(14, 204),
(14, 211),
(14, 212),
(14, 213),
(14, 216),
(14, 217),
(14, 218),
(14, 219),
(15, 0),
(15, 7),
(15, 8),
(15, 9),
(15, 10),
(15, 11),
(15, 15),
(15, 16),
(15, 17),
(15, 23),
(15, 25),
(15, 26),
(15, 27),
(15, 29),
(15, 34),
(15, 38),
(15, 39),
(15, 41),
(15, 42),
(15, 43),
(15, 50),
(15, 51),
(15, 52),
(15, 53),
(15, 54),
(15, 55),
(15, 56),
(15, 57),
(15, 60),
(15, 63),
(15, 81),
(15, 82),
(15, 84),
(15, 85),
(15, 89),
(15, 90),
(15, 92),
(15, 94),
(15, 96),
(15, 100),
(15, 101),
(15, 104),
(15, 105),
(15, 106),
(15, 191),
(15, 192),
(15, 193),
(15, 194),
(15, 197),
(15, 202),
(15, 203),
(15, 206),
(15, 207),
(15, 208),
(15, 209),
(15, 211),
(15, 212),
(15, 213),
(15, 216),
(15, 217),
(15, 218),
(15, 219),
(16, 0),
(16, 7),
(16, 8),
(16, 9),
(16, 10),
(16, 11),
(16, 13),
(16, 15),
(16, 17),
(16, 23),
(16, 25),
(16, 26),
(16, 27),
(16, 29),
(16, 34),
(16, 38),
(16, 39),
(16, 41),
(16, 42),
(16, 43),
(16, 50),
(16, 51),
(16, 52),
(16, 53),
(16, 54),
(16, 55),
(16, 56),
(16, 57),
(16, 60),
(16, 63),
(16, 81),
(16, 82),
(16, 85),
(16, 89),
(16, 90),
(16, 92),
(16, 94),
(16, 96),
(16, 100),
(16, 101),
(16, 104),
(16, 105),
(16, 106),
(16, 191),
(16, 192),
(16, 193),
(16, 197),
(16, 202),
(16, 203),
(16, 205),
(16, 208),
(16, 209),
(16, 211),
(16, 212),
(16, 213),
(16, 216),
(16, 217),
(16, 218),
(16, 219),
(17, 7),
(17, 8),
(17, 29),
(17, 60),
(18, 7),
(18, 8),
(18, 29),
(18, 60),
(19, 7),
(19, 8),
(19, 11),
(19, 34),
(19, 60),
(20, 7),
(20, 8),
(20, 29),
(20, 60),
(37, 7),
(37, 8),
(37, 29),
(37, 32),
(37, 97),
(38, 7),
(38, 8),
(38, 29),
(38, 32),
(38, 97),
(39, 7),
(39, 8),
(39, 29),
(39, 32),
(39, 97),
(42, 0),
(42, 7),
(42, 8),
(42, 11),
(42, 13),
(42, 29),
(42, 34),
(42, 39),
(42, 40),
(42, 54),
(42, 55),
(42, 56),
(42, 89),
(42, 92),
(42, 94),
(42, 97),
(42, 100),
(42, 105),
(42, 190),
(42, 191),
(42, 192),
(42, 203),
(42, 207),
(42, 209),
(42, 212),
(42, 213),
(42, 216),
(45, 0),
(45, 7),
(45, 8),
(45, 39),
(45, 40),
(45, 56),
(45, 77),
(45, 78),
(45, 79),
(45, 80),
(45, 83),
(45, 92),
(45, 94),
(45, 100),
(45, 191),
(45, 203),
(45, 207),
(45, 209),
(45, 212),
(45, 213),
(45, 216),
(47, 7),
(47, 8),
(47, 29),
(48, 7),
(48, 8),
(48, 29),
(49, 0),
(49, 7),
(49, 8),
(49, 9),
(49, 10),
(49, 11),
(49, 15),
(49, 16),
(49, 17),
(49, 23),
(49, 25),
(49, 26),
(49, 29),
(49, 34),
(49, 35),
(49, 38),
(49, 39),
(49, 41),
(49, 42),
(49, 50),
(49, 51),
(49, 52),
(49, 53),
(49, 54),
(49, 55),
(49, 56),
(49, 57),
(49, 63),
(49, 81),
(49, 82),
(49, 85),
(49, 89),
(49, 92),
(49, 94),
(49, 96),
(49, 100),
(49, 101),
(49, 104),
(49, 105),
(49, 106),
(49, 191),
(49, 192),
(49, 193),
(49, 197),
(49, 203),
(49, 207),
(49, 211),
(49, 212),
(49, 213),
(49, 216),
(49, 217),
(49, 218),
(49, 219),
(50, 0),
(50, 7),
(50, 8),
(50, 9),
(50, 10),
(50, 11),
(50, 15),
(50, 16),
(50, 17),
(50, 23),
(50, 25),
(50, 26),
(50, 29),
(50, 34),
(50, 38),
(50, 39),
(50, 41),
(50, 42),
(50, 50),
(50, 51),
(50, 52),
(50, 53),
(50, 54),
(50, 55),
(50, 56),
(50, 57),
(50, 63),
(50, 81),
(50, 82),
(50, 85),
(50, 89),
(50, 92),
(50, 94),
(50, 96),
(50, 100),
(50, 101),
(50, 104),
(50, 105),
(50, 106),
(50, 191),
(50, 192),
(50, 193),
(50, 197),
(50, 203),
(50, 207),
(50, 211),
(50, 212),
(50, 213),
(50, 216),
(50, 217),
(50, 218),
(50, 219),
(51, 0),
(51, 7),
(51, 8),
(51, 9),
(51, 10),
(51, 11),
(51, 15),
(51, 16),
(51, 17),
(51, 23),
(51, 25),
(51, 26),
(51, 29),
(51, 34),
(51, 38),
(51, 39),
(51, 41),
(51, 42),
(51, 50),
(51, 51),
(51, 52),
(51, 53),
(51, 54),
(51, 55),
(51, 56),
(51, 57),
(51, 63),
(51, 81),
(51, 82),
(51, 85),
(51, 89),
(51, 92),
(51, 94),
(51, 96),
(51, 100),
(51, 101),
(51, 104),
(51, 105),
(51, 106),
(51, 191),
(51, 192),
(51, 193),
(51, 197),
(51, 203),
(51, 207),
(51, 211),
(51, 212),
(51, 213),
(51, 216),
(51, 217),
(51, 218),
(51, 219),
(52, 0),
(52, 7),
(52, 8),
(52, 9),
(52, 10),
(52, 11),
(52, 15),
(52, 16),
(52, 17),
(52, 23),
(52, 25),
(52, 26),
(52, 29),
(52, 34),
(52, 38),
(52, 39),
(52, 40),
(52, 41),
(52, 42),
(52, 50),
(52, 51),
(52, 52),
(52, 53),
(52, 54),
(52, 55),
(52, 56),
(52, 57),
(52, 63),
(52, 81),
(52, 82),
(52, 85),
(52, 89),
(52, 92),
(52, 94),
(52, 96),
(52, 100),
(52, 101),
(52, 104),
(52, 105),
(52, 106),
(52, 191),
(52, 192),
(52, 193),
(52, 195),
(52, 197),
(52, 203),
(52, 205),
(52, 207),
(52, 211),
(52, 212),
(52, 213),
(52, 216),
(52, 217),
(52, 218),
(52, 219),
(53, 0),
(53, 7),
(53, 8),
(53, 9),
(53, 10),
(53, 11),
(53, 15),
(53, 16),
(53, 17),
(53, 23),
(53, 25),
(53, 26),
(53, 29),
(53, 34),
(53, 38),
(53, 39),
(53, 41),
(53, 42),
(53, 50),
(53, 51),
(53, 52),
(53, 53),
(53, 54),
(53, 55),
(53, 56),
(53, 57),
(53, 63),
(53, 81),
(53, 82),
(53, 85),
(53, 89),
(53, 92),
(53, 94),
(53, 96),
(53, 100),
(53, 101),
(53, 104),
(53, 105),
(53, 106),
(53, 191),
(53, 192),
(53, 193),
(53, 197),
(53, 203),
(53, 206),
(53, 207),
(53, 211),
(53, 212),
(53, 213),
(53, 216),
(53, 217),
(53, 218),
(53, 219),
(54, 0),
(54, 7),
(54, 8),
(54, 9),
(54, 10),
(54, 11),
(54, 15),
(54, 16),
(54, 17),
(54, 23),
(54, 25),
(54, 26),
(54, 29),
(54, 34),
(54, 38),
(54, 39),
(54, 41),
(54, 42),
(54, 50),
(54, 51),
(54, 52),
(54, 53),
(54, 54),
(54, 55),
(54, 56),
(54, 57),
(54, 63),
(54, 81),
(54, 82),
(54, 85),
(54, 89),
(54, 92),
(54, 94),
(54, 96),
(54, 100),
(54, 101),
(54, 104),
(54, 105),
(54, 106),
(54, 191),
(54, 192),
(54, 193),
(54, 197),
(54, 203),
(54, 207),
(54, 211),
(54, 212),
(54, 213),
(54, 214),
(54, 216),
(54, 217),
(54, 218),
(54, 219),
(56, 7),
(56, 8),
(57, 7),
(57, 8),
(67, 7),
(67, 8),
(67, 29),
(67, 32),
(67, 97),
(79, 0),
(79, 7),
(79, 8),
(79, 9),
(79, 10),
(79, 11),
(79, 15),
(79, 16),
(79, 17),
(79, 23),
(79, 25),
(79, 26),
(79, 29),
(79, 34),
(79, 38),
(79, 39),
(79, 41),
(79, 42),
(79, 50),
(79, 51),
(79, 52),
(79, 53),
(79, 54),
(79, 55),
(79, 56),
(79, 57),
(79, 63),
(79, 81),
(79, 82),
(79, 85),
(79, 89),
(79, 92),
(79, 94),
(79, 96),
(79, 100),
(79, 101),
(79, 104),
(79, 105),
(79, 106),
(79, 191),
(79, 192),
(79, 193),
(79, 197),
(79, 203),
(79, 207),
(79, 211),
(79, 212),
(79, 213),
(79, 216),
(79, 217),
(79, 218),
(79, 219),
(80, 0),
(80, 7),
(80, 8),
(80, 9),
(80, 10),
(80, 11),
(80, 15),
(80, 16),
(80, 17),
(80, 23),
(80, 25),
(80, 26),
(80, 29),
(80, 34),
(80, 38),
(80, 39),
(80, 41),
(80, 42),
(80, 50),
(80, 51),
(80, 52),
(80, 53),
(80, 54),
(80, 55),
(80, 56),
(80, 57),
(80, 63),
(80, 81),
(80, 82),
(80, 85),
(80, 89),
(80, 92),
(80, 94),
(80, 96),
(80, 100),
(80, 101),
(80, 104),
(80, 105),
(80, 106),
(80, 191),
(80, 192),
(80, 193),
(80, 197),
(80, 203),
(80, 207),
(80, 211),
(80, 212),
(80, 213),
(80, 216),
(80, 217),
(80, 218),
(80, 219),
(86, 0),
(86, 7),
(86, 8),
(86, 9),
(86, 10),
(86, 11),
(86, 15),
(86, 16),
(86, 17),
(86, 23),
(86, 25),
(86, 26),
(86, 29),
(86, 34),
(86, 38),
(86, 39),
(86, 41),
(86, 42),
(86, 50),
(86, 51),
(86, 52),
(86, 53),
(86, 54),
(86, 55),
(86, 56),
(86, 57),
(86, 63),
(86, 81),
(86, 82),
(86, 85),
(86, 89),
(86, 92),
(86, 94),
(86, 96),
(86, 100),
(86, 101),
(86, 104),
(86, 105),
(86, 106),
(86, 191),
(86, 192),
(86, 193),
(86, 197),
(86, 203),
(86, 207),
(86, 211),
(86, 212),
(86, 213),
(86, 216),
(86, 217),
(86, 218),
(86, 219),
(87, 0),
(87, 7),
(87, 8),
(87, 9),
(87, 10),
(87, 11),
(87, 15),
(87, 16),
(87, 17),
(87, 23),
(87, 25),
(87, 26),
(87, 29),
(87, 34),
(87, 39),
(87, 41),
(87, 42),
(87, 50),
(87, 51),
(87, 52),
(87, 53),
(87, 55),
(87, 56),
(87, 57),
(87, 63),
(87, 81),
(87, 82),
(87, 85),
(87, 89),
(87, 92),
(87, 94),
(87, 96),
(87, 100),
(87, 101),
(87, 104),
(87, 105),
(87, 106),
(87, 191),
(87, 192),
(87, 193),
(87, 197),
(87, 203),
(87, 207),
(87, 211),
(87, 212),
(87, 213),
(87, 216),
(87, 217),
(87, 218),
(87, 219),
(88, 0),
(88, 7),
(88, 8),
(88, 9),
(88, 10),
(88, 11),
(88, 15),
(88, 16),
(88, 17),
(88, 23),
(88, 25),
(88, 26),
(88, 29),
(88, 34),
(88, 39),
(88, 41),
(88, 42),
(88, 50),
(88, 51),
(88, 52),
(88, 53),
(88, 55),
(88, 56),
(88, 57),
(88, 63),
(88, 81),
(88, 82),
(88, 85),
(88, 89),
(88, 92),
(88, 94),
(88, 96),
(88, 100),
(88, 101),
(88, 104),
(88, 105),
(88, 106),
(88, 191),
(88, 192),
(88, 193),
(88, 197),
(88, 203),
(88, 207),
(88, 211),
(88, 212),
(88, 213),
(88, 216),
(88, 217),
(88, 218),
(88, 219),
(90, 7),
(90, 8),
(90, 34),
(90, 56),
(90, 57),
(90, 58),
(90, 219),
(91, 7),
(91, 8),
(91, 34),
(91, 56),
(91, 57),
(91, 58),
(91, 219),
(92, 7),
(92, 8),
(92, 34),
(92, 56),
(92, 57),
(92, 58),
(92, 219),
(94, 7),
(94, 8),
(94, 42),
(94, 50),
(94, 51),
(94, 52),
(94, 53),
(94, 54),
(94, 55),
(94, 56),
(94, 89),
(94, 97),
(94, 192),
(94, 203),
(94, 212),
(94, 216),
(94, 217),
(94, 219),
(96, 7),
(96, 8),
(96, 34),
(96, 56),
(96, 57),
(96, 58),
(96, 219),
(98, 7),
(98, 8),
(98, 34),
(98, 56),
(98, 57),
(98, 58),
(98, 219),
(101, 0),
(101, 7),
(101, 8),
(101, 39),
(101, 56),
(101, 77),
(101, 78),
(101, 79),
(101, 80),
(101, 83),
(101, 92),
(101, 94),
(101, 100),
(101, 191),
(101, 212),
(101, 213),
(101, 216),
(102, 0),
(102, 7),
(102, 8),
(102, 39),
(102, 44),
(102, 56),
(102, 77),
(102, 78),
(102, 79),
(102, 80),
(102, 83),
(102, 92),
(102, 94),
(102, 100),
(102, 191),
(102, 212),
(102, 213),
(102, 216),
(103, 0),
(103, 7),
(103, 8),
(103, 29),
(103, 34),
(103, 39),
(103, 40),
(103, 54),
(103, 55),
(103, 56),
(103, 89),
(103, 92),
(103, 94),
(103, 97),
(103, 100),
(103, 105),
(103, 190),
(103, 191),
(103, 192),
(103, 203),
(103, 207),
(103, 209),
(103, 212),
(103, 213),
(103, 216),
(104, 0),
(104, 7),
(104, 8),
(104, 39),
(104, 56),
(104, 77),
(104, 78),
(104, 79),
(104, 80),
(104, 83),
(104, 92),
(104, 94),
(104, 100),
(104, 191),
(104, 212),
(104, 213),
(104, 216),
(107, 0),
(107, 7),
(107, 8),
(107, 11),
(107, 13),
(107, 29),
(107, 34),
(107, 39),
(107, 40),
(107, 42),
(107, 43),
(107, 44),
(107, 50),
(107, 51),
(107, 53),
(107, 54),
(107, 55),
(107, 56),
(107, 89),
(107, 92),
(107, 94),
(107, 97),
(107, 100),
(107, 105),
(107, 190),
(107, 191),
(107, 192),
(107, 203),
(107, 207),
(107, 209),
(107, 212),
(107, 213),
(107, 216),
(108, 0),
(108, 7),
(108, 8),
(108, 11),
(108, 13),
(108, 29),
(108, 34),
(108, 39),
(108, 40),
(108, 50),
(108, 51),
(108, 54),
(108, 55),
(108, 56),
(108, 89),
(108, 92),
(108, 94),
(108, 97),
(108, 100),
(108, 105),
(108, 190),
(108, 191),
(108, 192),
(108, 203),
(108, 207),
(108, 209),
(108, 212),
(108, 213),
(108, 216),
(109, 0),
(109, 7),
(109, 8),
(109, 29),
(109, 39),
(109, 40),
(109, 92),
(109, 94),
(109, 97),
(109, 100),
(109, 105),
(109, 190),
(109, 191),
(109, 192),
(109, 203),
(109, 207),
(109, 209),
(109, 212),
(109, 213),
(109, 216),
(110, 0),
(110, 7),
(110, 8),
(110, 11),
(110, 13),
(110, 29),
(110, 34),
(110, 39),
(110, 40),
(110, 50),
(110, 51),
(110, 54),
(110, 55),
(110, 56),
(110, 89),
(110, 92),
(110, 94),
(110, 97),
(110, 100),
(110, 105),
(110, 190),
(110, 191),
(110, 192),
(110, 203),
(110, 207),
(110, 209),
(110, 212),
(110, 213),
(110, 216),
(111, 0),
(111, 7),
(111, 8),
(111, 39),
(111, 44),
(111, 56),
(111, 77),
(111, 78),
(111, 79),
(111, 80),
(111, 83),
(111, 92),
(111, 94),
(111, 100),
(111, 191),
(111, 212),
(111, 213),
(111, 216),
(112, 0),
(112, 7),
(112, 8),
(112, 39),
(112, 56),
(112, 77),
(112, 78),
(112, 79),
(112, 80),
(112, 83),
(112, 92),
(112, 94),
(112, 100),
(112, 191),
(112, 212),
(112, 213),
(112, 216),
(113, 0),
(113, 7),
(113, 8),
(113, 39),
(113, 56),
(113, 77),
(113, 78),
(113, 79),
(113, 80),
(113, 83),
(113, 191),
(113, 212),
(113, 213),
(113, 216),
(115, 0),
(115, 7),
(115, 8),
(115, 39),
(115, 56),
(115, 77),
(115, 78),
(115, 79),
(115, 80),
(115, 83),
(115, 92),
(115, 94),
(115, 100),
(115, 191),
(115, 212),
(115, 213),
(115, 216),
(116, 0),
(116, 7),
(116, 8),
(116, 39),
(116, 56),
(116, 70),
(116, 71),
(116, 72),
(116, 73),
(116, 74),
(116, 77),
(116, 78),
(116, 79),
(116, 80),
(116, 83),
(116, 92),
(116, 94),
(116, 100),
(116, 191),
(116, 212),
(116, 213),
(116, 216),
(117, 0),
(117, 7),
(117, 8),
(117, 39),
(117, 56),
(117, 70),
(117, 71),
(117, 72),
(117, 73),
(117, 74),
(117, 77),
(117, 78),
(117, 79),
(117, 80),
(117, 83),
(117, 92),
(117, 94),
(117, 100),
(117, 191),
(117, 212),
(117, 213),
(117, 216),
(118, 70),
(118, 71),
(118, 72),
(118, 73),
(118, 74),
(119, 70),
(119, 71),
(119, 72),
(119, 73),
(119, 74),
(121, 0),
(121, 7),
(121, 8),
(121, 11),
(121, 13),
(121, 29),
(121, 34),
(121, 39),
(121, 40),
(121, 42),
(121, 43),
(121, 44),
(121, 50),
(121, 51),
(121, 53),
(121, 54),
(121, 55),
(121, 56),
(121, 89),
(121, 92),
(121, 94),
(121, 97),
(121, 100),
(121, 105),
(121, 190),
(121, 191),
(121, 192),
(121, 203),
(121, 207),
(121, 209),
(121, 212),
(121, 213),
(121, 216),
(123, 7),
(123, 8),
(123, 11),
(123, 12),
(123, 13),
(123, 26),
(123, 27),
(123, 46),
(123, 200),
(123, 201),
(123, 204),
(123, 210),
(126, 68),
(127, 68),
(128, 7),
(128, 8),
(128, 11),
(128, 12),
(128, 13),
(128, 26),
(128, 27),
(128, 46),
(128, 68),
(128, 200),
(128, 201),
(129, 68),
(130, 68),
(131, 68),
(132, 68),
(133, 7),
(133, 8),
(133, 11),
(133, 12),
(133, 13),
(133, 26),
(133, 27),
(133, 46),
(133, 68),
(133, 200),
(133, 201),
(133, 204),
(133, 210),
(134, 68),
(135, 68),
(136, 68),
(137, 68),
(138, 68),
(139, 68),
(140, 68),
(141, 7),
(141, 8),
(141, 11),
(141, 12),
(141, 13),
(141, 26),
(141, 27),
(141, 46),
(141, 68),
(141, 200),
(141, 201),
(141, 204),
(142, 68),
(143, 7),
(143, 8),
(143, 11),
(143, 12),
(143, 13),
(143, 26),
(143, 27),
(143, 46),
(143, 68),
(143, 200),
(143, 201),
(143, 204),
(144, 68),
(145, 68),
(146, 7),
(146, 8),
(146, 11),
(146, 12),
(146, 13),
(146, 26),
(146, 27),
(146, 46),
(146, 68),
(146, 200),
(146, 201),
(146, 204),
(146, 210),
(147, 68),
(148, 7),
(148, 8),
(148, 11),
(148, 12),
(148, 13),
(148, 26),
(148, 27),
(148, 46),
(148, 68),
(148, 200),
(148, 201),
(148, 204),
(148, 210),
(149, 68),
(150, 68),
(151, 7),
(151, 8),
(151, 11),
(151, 12),
(151, 13),
(151, 26),
(151, 27),
(151, 46),
(151, 200),
(151, 201),
(151, 204),
(160, 7),
(160, 8),
(160, 56),
(160, 60),
(160, 61),
(160, 62),
(160, 219),
(164, 7),
(164, 8),
(164, 29),
(164, 32),
(164, 97),
(165, 0),
(165, 7),
(165, 8),
(165, 29),
(165, 60),
(165, 95),
(165, 98),
(165, 99),
(165, 101),
(165, 191),
(165, 192),
(165, 202),
(165, 212),
(165, 213),
(165, 216),
(165, 217),
(165, 218),
(167, 7),
(167, 8),
(167, 29),
(167, 32),
(167, 97),
(170, 7),
(170, 8),
(170, 29),
(170, 32),
(170, 97),
(172, 7),
(172, 8),
(172, 29),
(172, 60),
(181, 7),
(181, 60),
(181, 61),
(181, 62),
(182, 7),
(182, 8),
(182, 56),
(182, 60),
(182, 61),
(182, 62),
(182, 219),
(183, 7),
(183, 8),
(184, 7),
(184, 8),
(191, 0),
(191, 7),
(191, 8),
(191, 29),
(191, 34),
(191, 39),
(191, 50),
(191, 51),
(191, 54),
(191, 55),
(191, 56),
(191, 89),
(191, 92),
(191, 94),
(191, 97),
(191, 100),
(191, 105),
(191, 190),
(191, 191),
(191, 192),
(191, 203),
(191, 207),
(191, 209),
(191, 212),
(191, 213),
(191, 216),
(192, 0),
(192, 7),
(192, 8),
(192, 29),
(192, 34),
(192, 39),
(192, 40),
(192, 55),
(192, 89),
(192, 92),
(192, 94),
(192, 97),
(192, 100),
(192, 105),
(192, 190),
(192, 191),
(192, 192),
(192, 203),
(192, 207),
(192, 209),
(192, 212),
(192, 213),
(192, 216),
(195, 0),
(195, 7),
(195, 8),
(195, 29),
(195, 34),
(195, 39),
(195, 40),
(195, 55),
(195, 89),
(195, 92),
(195, 94),
(195, 97),
(195, 100),
(195, 105),
(195, 190),
(195, 191),
(195, 192),
(195, 203),
(195, 207),
(195, 209),
(195, 212),
(195, 213),
(195, 216),
(197, 0),
(197, 7),
(197, 8),
(197, 29),
(197, 34),
(197, 39),
(197, 40),
(197, 50),
(197, 51),
(197, 54),
(197, 55),
(197, 56),
(197, 89),
(197, 92),
(197, 94),
(197, 97),
(197, 100),
(197, 105),
(197, 190),
(197, 191),
(197, 192),
(197, 203),
(197, 207),
(197, 209),
(197, 212),
(197, 213),
(197, 216),
(200, 0),
(200, 7),
(200, 8),
(200, 29),
(200, 39),
(200, 40),
(200, 92),
(200, 94),
(200, 97),
(200, 100),
(200, 105),
(200, 190),
(200, 191),
(200, 192),
(200, 203),
(200, 207),
(200, 209),
(200, 212),
(200, 213),
(200, 216),
(203, 0),
(203, 7),
(203, 8),
(203, 39),
(203, 56),
(203, 77),
(203, 78),
(203, 79),
(203, 80),
(203, 83),
(203, 92),
(203, 94),
(203, 100),
(203, 191),
(203, 212),
(203, 213),
(203, 216),
(215, 7),
(215, 8),
(215, 15),
(215, 16),
(215, 17),
(215, 25),
(215, 34),
(215, 35),
(215, 38),
(215, 41),
(215, 52),
(215, 84),
(215, 190),
(215, 192),
(215, 198),
(216, 7),
(216, 8),
(216, 15),
(216, 16),
(216, 17),
(216, 25),
(216, 34),
(216, 35),
(216, 38),
(216, 41),
(216, 52),
(216, 190),
(216, 192),
(216, 198),
(217, 7),
(217, 8),
(217, 15),
(217, 16),
(217, 17),
(217, 18),
(217, 25),
(217, 34),
(217, 35),
(217, 38),
(217, 41),
(217, 52),
(217, 84),
(217, 190),
(217, 192),
(217, 198),
(218, 0),
(218, 7),
(218, 8),
(218, 15),
(218, 16),
(218, 17),
(218, 25),
(218, 34),
(218, 39),
(218, 41),
(218, 50),
(218, 51),
(218, 52),
(218, 53),
(218, 55),
(218, 63),
(218, 81),
(218, 82),
(218, 85),
(218, 89),
(218, 92),
(218, 94),
(218, 96),
(218, 100),
(218, 101),
(218, 104),
(218, 105),
(218, 191),
(218, 192),
(218, 197),
(218, 211),
(218, 212),
(218, 213),
(218, 216),
(218, 217),
(218, 218),
(218, 219),
(221, 7),
(221, 8),
(221, 15),
(221, 16),
(221, 17),
(221, 25),
(221, 34),
(221, 35),
(221, 38),
(221, 41),
(221, 52),
(221, 84),
(221, 190),
(221, 192),
(221, 198),
(222, 7),
(222, 8),
(222, 15),
(222, 16),
(222, 17),
(222, 25),
(222, 34),
(222, 35),
(222, 38),
(222, 41),
(222, 52),
(222, 84),
(222, 190),
(222, 192),
(222, 198),
(224, 7),
(224, 8),
(224, 15),
(224, 16),
(224, 17),
(224, 25),
(224, 34),
(224, 35),
(224, 38),
(224, 41),
(224, 52),
(224, 84),
(224, 190),
(224, 192),
(224, 198),
(226, 7),
(226, 8),
(226, 15),
(226, 16),
(226, 17),
(226, 25),
(226, 34),
(226, 35),
(226, 38),
(226, 41),
(226, 52),
(226, 84),
(226, 190),
(226, 192),
(226, 198),
(228, 7),
(228, 8),
(228, 15),
(228, 16),
(228, 17),
(228, 25),
(228, 34),
(228, 35),
(228, 38),
(228, 41),
(228, 52),
(228, 84),
(228, 190),
(228, 192),
(228, 198),
(244, 7),
(244, 8),
(244, 16),
(244, 33),
(244, 34),
(244, 35),
(244, 36),
(244, 37),
(244, 38),
(244, 52),
(244, 190),
(244, 192),
(244, 198),
(244, 199),
(271, 7),
(271, 8),
(271, 34),
(271, 35),
(271, 52),
(271, 190),
(271, 192),
(271, 198),
(276, 0),
(276, 7),
(276, 8),
(276, 42),
(276, 43),
(276, 48),
(276, 49),
(276, 51),
(276, 52),
(276, 53),
(276, 54),
(276, 55),
(276, 75),
(276, 76),
(276, 81),
(276, 82),
(276, 92),
(276, 94),
(276, 100),
(276, 103),
(276, 106),
(276, 107),
(276, 108),
(276, 191),
(276, 192),
(276, 203),
(276, 207),
(276, 208),
(276, 209),
(276, 212),
(276, 213),
(276, 215),
(276, 216),
(276, 217),
(279, 7),
(279, 42),
(279, 50),
(279, 52),
(279, 54),
(279, 56),
(279, 89),
(279, 97),
(279, 192),
(281, 43),
(304, 0),
(304, 7),
(304, 8),
(304, 42),
(304, 43),
(304, 48),
(304, 49),
(304, 50),
(304, 55),
(304, 83),
(304, 96),
(304, 106),
(304, 109),
(304, 191),
(304, 192),
(304, 212),
(304, 213),
(304, 216),
(305, 0),
(305, 7),
(305, 8),
(305, 42),
(305, 43),
(305, 48),
(305, 49),
(305, 50),
(305, 55),
(305, 83),
(305, 96),
(305, 106),
(305, 109),
(305, 191),
(305, 192),
(305, 212),
(305, 213),
(305, 216),
(306, 0),
(306, 7),
(306, 8),
(306, 42),
(306, 48),
(306, 49),
(306, 51),
(306, 52),
(306, 53),
(306, 54),
(306, 55),
(306, 75),
(306, 76),
(306, 81),
(306, 82),
(306, 92),
(306, 94),
(306, 100),
(306, 103),
(306, 106),
(306, 107),
(306, 108),
(306, 191),
(306, 192),
(306, 203),
(306, 207),
(306, 212),
(306, 213),
(306, 216),
(306, 217),
(308, 0),
(308, 7),
(308, 8),
(308, 42),
(308, 48),
(308, 49),
(308, 50),
(308, 55),
(308, 83),
(308, 96),
(308, 106),
(308, 109),
(308, 191),
(308, 192),
(308, 212),
(308, 213),
(308, 216),
(309, 0),
(309, 7),
(309, 8),
(309, 42),
(309, 48),
(309, 49),
(309, 51),
(309, 52),
(309, 53),
(309, 54),
(309, 55),
(309, 75),
(309, 76),
(309, 81),
(309, 82),
(309, 92),
(309, 94),
(309, 100),
(309, 103),
(309, 106),
(309, 107),
(309, 108),
(309, 191),
(309, 192),
(309, 203),
(309, 207),
(309, 209),
(309, 212),
(309, 213),
(309, 216),
(309, 217),
(310, 7),
(310, 8),
(310, 16),
(310, 17),
(310, 41),
(310, 52),
(310, 190),
(310, 192),
(310, 198),
(314, 0),
(314, 7),
(314, 8),
(314, 42),
(314, 48),
(314, 49),
(314, 50),
(314, 55),
(314, 83),
(314, 96),
(314, 106),
(314, 109),
(314, 191),
(314, 192),
(314, 212),
(314, 213),
(314, 216),
(317, 0),
(317, 7),
(317, 8),
(317, 42),
(317, 48),
(317, 49),
(317, 50),
(317, 55),
(317, 83),
(317, 96),
(317, 106),
(317, 109),
(317, 191),
(317, 192),
(317, 212),
(317, 213),
(317, 216),
(319, 0),
(319, 7),
(319, 8),
(319, 42),
(319, 48),
(319, 49),
(319, 51),
(319, 52),
(319, 53),
(319, 54),
(319, 55),
(319, 75),
(319, 76),
(319, 81),
(319, 82),
(319, 92),
(319, 94),
(319, 100),
(319, 103),
(319, 106),
(319, 107),
(319, 108),
(319, 191),
(319, 192),
(319, 203),
(319, 207),
(319, 209),
(319, 212),
(319, 213),
(319, 216),
(319, 217),
(323, 7),
(323, 8),
(323, 16),
(323, 35),
(323, 52),
(323, 190),
(323, 192),
(323, 198),
(323, 199),
(324, 7),
(324, 8),
(324, 35),
(324, 52),
(324, 190),
(324, 192),
(324, 198),
(329, 0),
(329, 7),
(329, 8),
(329, 42),
(329, 48),
(329, 49),
(329, 50),
(329, 55),
(329, 83),
(329, 96),
(329, 106),
(329, 109),
(329, 191),
(329, 192),
(329, 212),
(329, 213),
(329, 216),
(331, 7),
(331, 8),
(331, 56),
(331, 60),
(331, 61),
(331, 62),
(331, 219),
(332, 7),
(332, 8),
(332, 56),
(332, 60),
(332, 61),
(332, 62),
(332, 219),
(333, 7),
(333, 8),
(333, 56),
(333, 60),
(333, 61),
(333, 62),
(333, 219),
(334, 7),
(334, 8),
(334, 56),
(334, 60),
(334, 61),
(334, 62),
(334, 219),
(335, 7),
(335, 8),
(335, 56),
(335, 60),
(335, 61),
(335, 62),
(335, 219),
(344, 0),
(344, 7),
(344, 8),
(344, 31),
(344, 56),
(344, 59),
(344, 60),
(344, 61),
(344, 62),
(344, 63),
(344, 83),
(344, 90),
(344, 95),
(344, 98),
(344, 99),
(344, 101),
(344, 191),
(344, 192),
(344, 212),
(344, 213),
(344, 216),
(344, 217),
(345, 0),
(345, 7),
(345, 8),
(345, 31),
(345, 56),
(345, 59),
(345, 60),
(345, 61),
(345, 62),
(345, 63),
(345, 83),
(345, 90),
(345, 95),
(345, 98),
(345, 99),
(345, 101),
(345, 191),
(345, 192),
(345, 212),
(345, 213),
(345, 216),
(345, 217),
(346, 0),
(346, 7),
(346, 8),
(346, 31),
(346, 56),
(346, 59),
(346, 60),
(346, 61),
(346, 62),
(346, 63),
(346, 64),
(346, 83),
(346, 90),
(346, 95),
(346, 98),
(346, 99),
(346, 101),
(346, 191),
(346, 192),
(346, 212),
(346, 213),
(346, 216),
(346, 217),
(348, 0),
(348, 7),
(348, 8),
(348, 31),
(348, 56),
(348, 59),
(348, 60),
(348, 61),
(348, 62),
(348, 63),
(348, 83),
(348, 90),
(348, 95),
(348, 98),
(348, 99),
(348, 101),
(348, 191),
(348, 192),
(348, 212),
(348, 213),
(348, 216),
(348, 217),
(352, 0),
(352, 7),
(352, 8),
(352, 31),
(352, 56),
(352, 59),
(352, 60),
(352, 61),
(352, 62),
(352, 63),
(352, 64),
(352, 90),
(352, 91),
(352, 95),
(352, 98),
(352, 99),
(352, 101),
(352, 102),
(352, 191),
(352, 192),
(352, 212),
(352, 213),
(352, 216),
(352, 217),
(353, 7),
(353, 8),
(353, 56),
(353, 60),
(353, 61),
(353, 62),
(353, 219),
(354, 0),
(354, 7),
(354, 8),
(354, 31),
(354, 56),
(354, 60),
(354, 90),
(354, 91),
(354, 95),
(354, 98),
(354, 99),
(354, 101),
(354, 102),
(354, 191),
(354, 192),
(354, 212),
(354, 213),
(354, 216),
(354, 217),
(357, 8),
(357, 219),
(372, 8),
(372, 196),
(372, 197),
(376, 8),
(376, 60),
(376, 196),
(376, 197),
(376, 217),
(380, 8),
(380, 196),
(380, 197),
(381, 196),
(382, 8),
(382, 196),
(382, 197),
(383, 8),
(383, 196),
(383, 197),
(385, 196),
(386, 8),
(386, 196),
(386, 197),
(386, 217),
(387, 8),
(387, 196),
(387, 197),
(388, 8),
(388, 196),
(388, 197),
(389, 8),
(389, 196),
(389, 197),
(396, 39),
(396, 40),
(396, 203),
(399, 8),
(399, 198),
(401, 12),
(402, 12),
(402, 200),
(402, 201),
(402, 204),
(407, 12),
(407, 200),
(407, 201),
(407, 204),
(410, 12),
(410, 200),
(417, 8),
(417, 39),
(417, 202),
(417, 203),
(417, 212),
(417, 217),
(417, 219),
(417, 221),
(418, 39),
(418, 202),
(418, 212),
(418, 217),
(418, 221),
(421, 39),
(421, 202),
(421, 212),
(421, 217),
(421, 221),
(428, 39),
(428, 202),
(428, 212),
(428, 217),
(428, 221),
(432, 39),
(432, 202),
(432, 212),
(432, 217),
(432, 221),
(437, 16),
(437, 35),
(438, 16),
(438, 35),
(439, 39),
(439, 202),
(439, 212),
(439, 217),
(439, 221),
(440, 39),
(440, 202),
(440, 212),
(440, 217),
(440, 221),
(445, 39),
(445, 202),
(445, 212),
(445, 217),
(445, 221),
(449, 8),
(449, 202),
(450, 39),
(450, 202),
(450, 212),
(450, 217),
(450, 221),
(452, 51),
(452, 53),
(452, 203),
(452, 217),
(453, 12),
(453, 200),
(455, 8),
(455, 218),
(461, 218),
(476, 218);

/*!40101 SET CHARACTER_SET_CLIENT=@OLD_CHARACTER_SET_CLIENT */;
/*!40101 SET CHARACTER_SET_RESULTS=@OLD_CHARACTER_SET_RESULTS */;
/*!40101 SET COLLATION_CONNECTION=@OLD_COLLATION_CONNECTION */;
