<?xml version="1.0" encoding="utf-8" ?><dwsync><file name="_ctrl.php" server="vkt.srv.br/public_html/" local="3442596242" remote="318763443835492692" Dst="-1" /><file name="form.php" server="vkt.srv.br/public_html/" local="3443092123" remote="318763443835988592" Dst="-1" /><file name="_functions.php" server="vkt.srv.br/public_html/" local="3441987941" remote="318763443834884412" Dst="-1" /><file name="hora_extra.php" server="vkt.srv.br/public_html/" local="3443092349" remote="318763443835988832" Dst="-1" /><file name="hora_extra_funcionario.php" server="vkt.srv.br/public_html/" local="3443110720" remote="318763443836007192" Dst="-1" /><file name="calcula_hora_extra.php" server="vkt.srv.br/public_html/" local="3443090815" remote="318763443835987332" Dst="-1" /><file name="impressao_relatorio.php" server="vkt.srv.br/public_html/" local="3443092661" remote="318763443835989132" Dst="-1" /><file name="form_hora_funcionario.php" server="vkt.srv.br/public_html/" local="3443109668" remote="318763443836006172" Dst="-1" /></dwsync>